locus_tag,old_locus_tag,mist_product,mist_ranks,mist_dna_binding_domains,mist_input_domains,mist_output_domains,mist_signal_gene_id,mist_gene_id,genome_version,genome_name,taxonomy_id,selection,retrieved_at_utc
PA0032,,transcriptional regulator,ocp,HTH_1,LysR_substrate,HTH_1,32460400,1069048,GCF_000006765.1,Pseudomonas aeruginosa PAO1,208964,kind=output; function=DNA binding,2026-09-11T07:49:55+00:00
PA0034,,two-component response regulator,tcp|rr,GerE,,GerE,32460398,1069051,GCF_000006765.1,Pseudomonas aeruginosa PAO1,208964,kind=output; function=DNA binding,2026-09-11T07:49:55+00:00
PA0037,,HTH-type transcriptional regulator TrpI,ocp,HTH_1,LysR_substrate,HTH_1,32460397,1069054,GCF_000006765.1,Pseudomonas aeruginosa PAO1,208964,kind=output; function=DNA binding,2026-09-11T07:49:55+00:00
PA0048,,transcriptional regulator,ocp,HTH_3,,HTH_3,32460360,1069066,GCF_000006765.1,Pseudomonas aeruginosa PAO1,208964,kind=output; function=DNA binding,2026-09-11T07:49:55+00:00
PA0056,,transcriptional regulator,ocp,HTH_1,LysR_substrate,HTH_1,32460359,1069074,GCF_000006765.1,Pseudomonas aeruginosa PAO1,208964,kind=output; function=DNA binding,2026-09-11T07:49:55+00:00
PA0116,,hypothetical protein,ocp,HxlR,,HxlR,32460355,1069134,GCF_000006765.1,Pseudomonas aeruginosa PAO1,208964,kind=output; function=DNA binding,2026-09-11T07:49:55+00:00
PA0120,,transcriptional regulator,ocp,GntR,FCD,GntR,32460354,1069138,GCF_000006765.1,Pseudomonas aeruginosa PAO1,208964,kind=output; function=DNA binding,2026-09-11T07:49:55+00:00
PA0121,,hypothetical protein,ocp,GntR,FCD,GntR,32460353,1069139,GCF_000006765.1,Pseudomonas aeruginosa PAO1,208964,kind=output; function=DNA binding,2026-09-11T07:49:55+00:00
PA0123,,transcriptional regulator,ocp,HTH_1,LysR_substrate,HTH_1,32460352,1069141,GCF_000006765.1,Pseudomonas aeruginosa PAO1,208964,kind=output; function=DNA binding,2026-09-11T07:49:55+00:00
PA0125,,hypothetical protein,ocp,RHH_1,,RHH_1,32460351,1069143,GCF_000006765.1,Pseudomonas aeruginosa PAO1,208964,kind=output; function=DNA binding,2026-09-11T07:49:55+00:00
PA0133,,HTH-type transcriptional activator BauR,ocp,HTH_1,LysR_substrate,HTH_1,32460350,1069151,GCF_000006765.1,Pseudomonas aeruginosa PAO1,208964,kind=output; function=DNA binding,2026-09-11T07:49:55+00:00
PA0149,,ECF subfamily sigma-70 factor,ecf,Sigma70_r2|Sigma70_r4_2,,Sigma70_r2|Sigma70_r4_2,32460349,1069167,GCF_000006765.1,Pseudomonas aeruginosa PAO1,208964,kind=output; function=DNA binding,2026-09-11T07:49:55+00:00
PA0152,,transcriptional regulator PcaQ,ocp,HTH_1,LysR_substrate,HTH_1,32460348,1069170,GCF_000006765.1,Pseudomonas aeruginosa PAO1,208964,kind=output; function=DNA binding,2026-09-11T07:49:55+00:00
PA0155,,transcriptional regulator PcaR,ocp,HTH_IclR,IclR,HTH_IclR,32460347,1069173,GCF_000006765.1,Pseudomonas aeruginosa PAO1,208964,kind=output; function=DNA binding,2026-09-11T07:49:55+00:00
PA0159,,transcriptional regulator,ocp,HTH_1,LysR_substrate,HTH_1,32460346,1069177,GCF_000006765.1,Pseudomonas aeruginosa PAO1,208964,kind=output; function=DNA binding,2026-09-11T07:49:55+00:00
PA0163,,transcriptional regulator,ocp,HTH_18,AraC_binding,HTH_18,32460345,1069180,GCF_000006765.1,Pseudomonas aeruginosa PAO1,208964,kind=output; function=DNA binding,2026-09-11T07:49:55+00:00
PA0167,,transcriptional regulator,ocp,TetR_N,TetR_C_3,TetR_N,32460344,1069184,GCF_000006765.1,Pseudomonas aeruginosa PAO1,208964,kind=output; function=DNA binding,2026-09-11T07:49:55+00:00
PA0181,,transcriptional regulator,ocp,HTH_1,LysR_substrate,HTH_1,32460389,1069198,GCF_000006765.1,Pseudomonas aeruginosa PAO1,208964,kind=output; function=DNA binding,2026-09-11T07:49:55+00:00
PA0191,,transcriptional regulator,ocp,HTH_1,LysR_substrate,HTH_1,32460388,1069208,GCF_000006765.1,Pseudomonas aeruginosa PAO1,208964,kind=output; function=DNA binding,2026-09-11T07:49:55+00:00
PA0207,,transcriptional regulator,ocp,HTH_1,LysR_substrate,HTH_1,32460340,1069225,GCF_000006765.1,Pseudomonas aeruginosa PAO1,208964,kind=output; function=DNA binding,2026-09-11T07:49:55+00:00
PA0217,,transcriptional regulator,ocp,HTH_1,LysR_substrate,HTH_1,32460339,1069235,GCF_000006765.1,Pseudomonas aeruginosa PAO1,208964,kind=output; function=DNA binding,2026-09-11T07:49:55+00:00
PA0218,,transcriptional regulator,ocp,HTH_1,LysR_substrate,HTH_1,32460338,1069236,GCF_000006765.1,Pseudomonas aeruginosa PAO1,208964,kind=output; function=DNA binding,2026-09-11T07:49:55+00:00
PA0225,,transcriptional regulator,ocp,HTH_3,Cupin_2,HTH_3,32460337,1069243,GCF_000006765.1,Pseudomonas aeruginosa PAO1,208964,kind=output; function=DNA binding,2026-09-11T07:49:55+00:00
PA0233,,transcriptional regulator,ocp,HTH_1,LysR_substrate,HTH_1,32460336,1069251,GCF_000006765.1,Pseudomonas aeruginosa PAO1,208964,kind=output; function=DNA binding,2026-09-11T07:49:55+00:00
PA0236,,transcriptional regulator,ocp,HTH_IclR,IclR,HTH_IclR,32460335,1069254,GCF_000006765.1,Pseudomonas aeruginosa PAO1,208964,kind=output; function=DNA binding,2026-09-11T07:49:55+00:00
PA0243,,transcriptional regulator,ocp,TetR_N,,TetR_N,32460334,1069261,GCF_000006765.1,Pseudomonas aeruginosa PAO1,208964,kind=output; function=DNA binding,2026-09-11T07:49:55+00:00
PA0248,,transcriptional regulator,ocp,HTH_18,AraC_binding,HTH_18,32460333,1069266,GCF_000006765.1,Pseudomonas aeruginosa PAO1,208964,kind=output; function=DNA binding,2026-09-11T07:49:55+00:00
PA0253,,transcriptional regulator,ocp,MarR,,MarR,32460332,1069271,GCF_000006765.1,Pseudomonas aeruginosa PAO1,208964,kind=output; function=DNA binding,2026-09-11T07:49:55+00:00
PA0268,,transcriptional regulator,ocp,GntR,Aminotran_1_2,GntR,32460330,1069286,GCF_000006765.1,Pseudomonas aeruginosa PAO1,208964,kind=output; function=DNA binding,2026-09-11T07:49:55+00:00
PA0272,,transcriptional regulator,ocp,HTH_1,LysR_substrate,HTH_1,32460329,1069290,GCF_000006765.1,Pseudomonas aeruginosa PAO1,208964,kind=output; function=DNA binding,2026-09-11T07:49:55+00:00
PA0275,,transcriptional regulator,ocp,HTH_Crp_2,cNMP_binding,HTH_Crp_2,32460328,1069293,GCF_000006765.1,Pseudomonas aeruginosa PAO1,208964,kind=output; function=DNA binding,2026-09-11T07:49:55+00:00
PA0279,,transcriptional regulator,ocp,HTH_20,,HTH_20,32460327,1069297,GCF_000006765.1,Pseudomonas aeruginosa PAO1,208964,kind=output; function=DNA binding,2026-09-11T07:49:55+00:00
PA0289,,transcriptional activator GpuR,ocp,HTH_1,LysR_substrate,HTH_1,32460303,1069307,GCF_000006765.1,Pseudomonas aeruginosa PAO1,208964,kind=output; function=DNA binding,2026-09-11T07:49:55+00:00
PA0294,,transcriptional regulator AguR,ocp,TetR_N,,TetR_N,32460301,1069312,GCF_000006765.1,Pseudomonas aeruginosa PAO1,208964,kind=output; function=DNA binding,2026-09-11T07:49:55+00:00
PA0306,,transcriptional regulator,ocp,HTH_18,Arabinose_bd,HTH_18,32460300,1069324,GCF_000006765.1,Pseudomonas aeruginosa PAO1,208964,kind=output; function=DNA binding,2026-09-11T07:49:55+00:00
PA0367,,transcriptional regulator,ocp,TetR_N,,TetR_N,32460297,1069386,GCF_000006765.1,Pseudomonas aeruginosa PAO1,208964,kind=output; function=DNA binding,2026-09-11T07:49:55+00:00
PA0376,,RNA polymerase sigma factor RpoH,ecf,Sigma70_r2|Sigma70_r4,,Sigma70_r2|Sigma70_r4,32460296,1069396,GCF_000006765.1,Pseudomonas aeruginosa PAO1,208964,kind=output; function=DNA binding,2026-09-11T07:49:55+00:00
PA0416,,transcriptional regulator,ocp,HTH_18,AraC_binding,HTH_18,32460379,1069436,GCF_000006765.1,Pseudomonas aeruginosa PAO1,208964,kind=output; function=DNA binding,2026-09-11T07:49:55+00:00
PA0424,,multidrug resistance operon repressor MexR,ocp,MarR,,MarR,32460378,1069444,GCF_000006765.1,Pseudomonas aeruginosa PAO1,208964,kind=output; function=DNA binding,2026-09-11T07:49:55+00:00
PA0436,,transcriptional regulator,ocp,TetR_N,TetR_C_3,TetR_N,32460377,1069456,GCF_000006765.1,Pseudomonas aeruginosa PAO1,208964,kind=output; function=DNA binding,2026-09-11T07:49:55+00:00
PA0448,,transcriptional regulator,ocp,HTH_1,LysR_substrate,HTH_1,32460376,1069468,GCF_000006765.1,Pseudomonas aeruginosa PAO1,208964,kind=output; function=DNA binding,2026-09-11T07:49:55+00:00
PA0463,,DNA-binding response regulator CreB,tcp|rr,Trans_reg_C,,Trans_reg_C,32460374,1069484,GCF_000006765.1,Pseudomonas aeruginosa PAO1,208964,kind=output; function=DNA binding,2026-09-11T07:49:55+00:00
PA0472,,RNA polymerase sigma factor,ecf,Sigma70_r2|Sigma70_r4_2,,Sigma70_r2|Sigma70_r4_2,32460372,1069493,GCF_000006765.1,Pseudomonas aeruginosa PAO1,208964,kind=output; function=DNA binding,2026-09-11T07:49:55+00:00
PA0475,,transcriptional regulator,ocp,TetR_N,,TetR_N,32460371,1069496,GCF_000006765.1,Pseudomonas aeruginosa PAO1,208964,kind=output; function=DNA binding,2026-09-11T07:49:55+00:00
PA0477,,transcriptional regulator,ocp,HTH_1,LysR_substrate,HTH_1,32460370,1069498,GCF_000006765.1,Pseudomonas aeruginosa PAO1,208964,kind=output; function=DNA binding,2026-09-11T07:49:55+00:00
PA0479,,transcriptional regulator,ocp,HTH_1,LysR_substrate,HTH_1,32460369,1069500,GCF_000006765.1,Pseudomonas aeruginosa PAO1,208964,kind=output; function=DNA binding,2026-09-11T07:49:55+00:00
PA0487,,molybdenum transport regulator,ocp,HTH_1,TOBE,HTH_1,32460368,1069508,GCF_000006765.1,Pseudomonas aeruginosa PAO1,208964,kind=output; function=DNA binding,2026-09-11T07:49:55+00:00
PA0491,,transcriptional regulator,ocp,HTH_1,LysR_substrate,HTH_1,32460367,1069512,GCF_000006765.1,Pseudomonas aeruginosa PAO1,208964,kind=output; function=DNA binding,2026-09-11T07:49:55+00:00
PA0515,,heme d1 biosynthesis protein NirD,ocp,HTH_AsnC-type,,HTH_AsnC-type,32460295,1069536,GCF_000006765.1,Pseudomonas aeruginosa PAO1,208964,kind=output; function=DNA binding,2026-09-11T07:49:55+00:00
PA0527,,transcriptional regulator Dnr,ocp,HTH_Crp_2,cNMP_binding,HTH_Crp_2,32460293,1069548,GCF_000006765.1,Pseudomonas aeruginosa PAO1,208964,kind=output; function=DNA binding,2026-09-11T07:49:55+00:00
PA0528,,transcriptional regulator,ocp,HTH_1,LysR_substrate,HTH_1,32460292,1069550,GCF_000006765.1,Pseudomonas aeruginosa PAO1,208964,kind=output; function=DNA binding,2026-09-11T07:49:55+00:00
PA0533,,transcriptional regulator,ocp,GerE,PAS,GerE,32460291,1069555,GCF_000006765.1,Pseudomonas aeruginosa PAO1,208964,kind=output; function=DNA binding,2026-09-11T07:49:55+00:00
PA0535,,transcriptional regulator,ocp,HTH_3,Cupin_2,HTH_3,32460290,1069557,GCF_000006765.1,Pseudomonas aeruginosa PAO1,208964,kind=output; function=DNA binding,2026-09-11T07:49:55+00:00
PA0547,,transcriptional regulator,ocp,HTH_20,Methyltransf_23,HTH_20,32460289,1069569,GCF_000006765.1,Pseudomonas aeruginosa PAO1,208964,kind=output; function=DNA binding,2026-09-11T07:49:55+00:00
PA0564,,transcriptional regulator,ocp,HTH_18,AraC_binding,HTH_18,32460288,1069586,GCF_000006765.1,Pseudomonas aeruginosa PAO1,208964,kind=output; function=DNA binding,2026-09-11T07:49:55+00:00
PA0576,,RNA polymerase sigma factor RpoD,ocp,Sigma70_r2|Sigma70_r3|Sigma70_r4,,Sigma70_r2|Sigma70_r3|Sigma70_r4,32460286,1069599,GCF_000006765.1,Pseudomonas aeruginosa PAO1,208964,kind=output; function=DNA binding,2026-09-11T07:49:55+00:00
PA0601,,two-component response regulator,tcp|rr,GerE,,GerE,32460284,1069624,GCF_000006765.1,Pseudomonas aeruginosa PAO1,208964,kind=output; function=DNA binding,2026-09-11T07:49:55+00:00
PA0611,,HTH-type transcriptional regulator PrtR,ocp,HTH_3,Peptidase_S24,HTH_3,32460283,1069634,GCF_000006765.1,Pseudomonas aeruginosa PAO1,208964,kind=output; function=DNA binding,2026-09-11T07:49:55+00:00
PA0652,,cAMP-regulatory protein,ocp,Crp,cNMP_binding,Crp,32460276,1069673,GCF_000006765.1,Pseudomonas aeruginosa PAO1,208964,kind=output; function=DNA binding,2026-09-11T07:49:55+00:00
PA0675,,ECF sigma factor VreI,ecf,Sigma70_r2|Sigma70_r4_2,,Sigma70_r2|Sigma70_r4_2,32460275,1069701,GCF_000006765.1,Pseudomonas aeruginosa PAO1,208964,kind=output; function=DNA binding,2026-09-11T07:49:55+00:00
PA0701,,transcriptional regulator,ocp,HTH_1,LysR_substrate,HTH_1,32460274,1069727,GCF_000006765.1,Pseudomonas aeruginosa PAO1,208964,kind=output; function=DNA binding,2026-09-11T07:49:55+00:00
PA0701a,,AraC family transcriptional regulator,ocp,HTH_18,,HTH_18,32460273,1069728,GCF_000006765.1,Pseudomonas aeruginosa PAO1,208964,kind=output; function=DNA binding,2026-09-11T07:49:55+00:00
PA0708,,transcriptional regulator,ocp,HTH_1,LysR_substrate,HTH_1,32460271,1069735,GCF_000006765.1,Pseudomonas aeruginosa PAO1,208964,kind=output; function=DNA binding,2026-09-11T07:49:55+00:00
PA0739,,transcriptional regulator,ocp,HTH_1,LysR_substrate,HTH_1,32460326,1069768,GCF_000006765.1,Pseudomonas aeruginosa PAO1,208964,kind=output; function=DNA binding,2026-09-11T07:49:55+00:00
PA0756,,two-component response regulator,tcp|rr,Trans_reg_C,,Trans_reg_C,32460325,1069785,GCF_000006765.1,Pseudomonas aeruginosa PAO1,208964,kind=output; function=DNA binding,2026-09-11T07:49:55+00:00
PA0762,,RNA polymerase sigma factor AlgU,ecf,Sigma70_r2|Sigma70_r4_2,,Sigma70_r2|Sigma70_r4_2,32460323,1069791,GCF_000006765.1,Pseudomonas aeruginosa PAO1,208964,kind=output; function=DNA binding,2026-09-11T07:49:55+00:00
PA0780,,proline utilization regulator,ocp,HTH_18,,HTH_18,32460321,1069809,GCF_000006765.1,Pseudomonas aeruginosa PAO1,208964,kind=output; function=DNA binding,2026-09-11T07:49:55+00:00
PA0784,,transcriptional regulator,ocp,HTH_1,LysR_substrate,HTH_1,32460320,1069813,GCF_000006765.1,Pseudomonas aeruginosa PAO1,208964,kind=output; function=DNA binding,2026-09-11T07:49:55+00:00
PA0791,,transcriptional regulator,ocp,HTH_18,AraC_binding,HTH_18,32460319,1069821,GCF_000006765.1,Pseudomonas aeruginosa PAO1,208964,kind=output; function=DNA binding,2026-09-11T07:49:55+00:00
PA0797,,transcriptional regulator,ocp,GntR,FCD,GntR,32460318,1069827,GCF_000006765.1,Pseudomonas aeruginosa PAO1,208964,kind=output; function=DNA binding,2026-09-11T07:49:55+00:00
PA0815,,transcriptional regulator,ocp,HTH_1,LysR_substrate,HTH_1,32460317,1069845,GCF_000006765.1,Pseudomonas aeruginosa PAO1,208964,kind=output; function=DNA binding,2026-09-11T07:49:55+00:00
PA0816,,transcriptional regulator,ocp,HTH_1,LysR_substrate,HTH_1,32460316,1069846,GCF_000006765.1,Pseudomonas aeruginosa PAO1,208964,kind=output; function=DNA binding,2026-09-11T07:49:55+00:00
PA0828,,transcriptional regulator,ocp,TetR_N,,TetR_N,32460315,1069858,GCF_000006765.1,Pseudomonas aeruginosa PAO1,208964,kind=output; function=DNA binding,2026-09-11T07:49:55+00:00
PA0831,,ornithine utilization transcriptional regulator OruR,ocp,HTH_18,Arabinose_bd,HTH_18,32460314,1069861,GCF_000006765.1,Pseudomonas aeruginosa PAO1,208964,kind=output; function=DNA binding,2026-09-11T07:49:55+00:00
PA0839,,transcriptional regulator,ocp,TetR_N,TetR_C_13,TetR_N,32460313,1069870,GCF_000006765.1,Pseudomonas aeruginosa PAO1,208964,kind=output; function=DNA binding,2026-09-11T07:49:55+00:00
PA0864,,transcriptional regulator,ocp,HTH_18,AraC_binding,HTH_18,32460310,1069895,GCF_000006765.1,Pseudomonas aeruginosa PAO1,208964,kind=output; function=DNA binding,2026-09-11T07:49:55+00:00
PA0876,,transcriptional regulator,ocp,HTH_1,LysR_substrate,HTH_1,32460308,1069907,GCF_000006765.1,Pseudomonas aeruginosa PAO1,208964,kind=output; function=DNA binding,2026-09-11T07:49:55+00:00
PA0877,,transcriptional regulator,ocp,HTH_1,LysR_substrate,HTH_1,32460307,1069908,GCF_000006765.1,Pseudomonas aeruginosa PAO1,208964,kind=output; function=DNA binding,2026-09-11T07:49:55+00:00
PA0893,,transcriptional regulator ArgR,ocp,HTH_18,,HTH_18,32460306,1069925,GCF_000006765.1,Pseudomonas aeruginosa PAO1,208964,kind=output; function=DNA binding,2026-09-11T07:49:55+00:00
PA0906,,transcriptional regulator,ocp,HTH_3,Peptidase_S24,HTH_3,32460365,1069941,GCF_000006765.1,Pseudomonas aeruginosa PAO1,208964,kind=output; function=DNA binding,2026-09-11T07:49:55+00:00
PA0929,,two-component response regulator,tcp|rr,Trans_reg_C,,Trans_reg_C,32460363,1069965,GCF_000006765.1,Pseudomonas aeruginosa PAO1,208964,kind=output; function=DNA binding,2026-09-11T07:49:55+00:00
PA0942,,transcriptional regulator,ocp,MarR_2,,MarR_2,32460361,1069978,GCF_000006765.1,Pseudomonas aeruginosa PAO1,208964,kind=output; function=DNA binding,2026-09-11T07:49:55+00:00
PA1003,,transcriptional regulator MvfR,ocp,HTH_1,LysR_substrate,HTH_1,32460305,1070038,GCF_000006765.1,Pseudomonas aeruginosa PAO1,208964,kind=output; function=DNA binding,2026-09-11T07:49:55+00:00
PA1015,,transcriptional regulator,ocp,HTH_IclR,IclR,HTH_IclR,32460270,1070051,GCF_000006765.1,Pseudomonas aeruginosa PAO1,208964,kind=output; function=DNA binding,2026-09-11T07:49:55+00:00
PA1050,,hypothetical protein,ocp,HTH_30,Diacid_rec,HTH_30,32460269,1070088,GCF_000006765.1,Pseudomonas aeruginosa PAO1,208964,kind=output; function=DNA binding,2026-09-11T07:49:55+00:00
PA1067,,transcriptional regulator,ocp,HTH_1,LysR_substrate,HTH_1,32460268,1070106,GCF_000006765.1,Pseudomonas aeruginosa PAO1,208964,kind=output; function=DNA binding,2026-09-11T07:49:55+00:00
PA1097,,transcriptional regulator FleQ,tcp|rr,HTH_8,,HTH_8,32460267,1070136,GCF_000006765.1,Pseudomonas aeruginosa PAO1,208964,kind=output; function=DNA binding,2026-09-11T07:49:55+00:00
PA1099,,two-component response regulator,tcp|rr,HTH_8,,HTH_8,32460265,1070138,GCF_000006765.1,Pseudomonas aeruginosa PAO1,208964,kind=output; function=DNA binding,2026-09-11T07:49:55+00:00
PA1109,,transcriptional regulator,ocp,HTH_18,AraC_binding,HTH_18,32460263,1070148,GCF_000006765.1,Pseudomonas aeruginosa PAO1,208964,kind=output; function=DNA binding,2026-09-11T07:49:55+00:00
PA1128,,transcriptional regulator,ocp,HTH_1,LysR_substrate,HTH_1,32460257,1070170,GCF_000006765.1,Pseudomonas aeruginosa PAO1,208964,kind=output; function=DNA binding,2026-09-11T07:49:55+00:00
PA1136,,transcriptional regulator,ecf,GerE,Autoind_bind,GerE,32460256,1070178,GCF_000006765.1,Pseudomonas aeruginosa PAO1,208964,kind=output; function=DNA binding,2026-09-11T07:49:55+00:00
PA1138,,transcriptional regulator,ocp,HTH_1,LysR_substrate,HTH_1,32460255,1070180,GCF_000006765.1,Pseudomonas aeruginosa PAO1,208964,kind=output; function=DNA binding,2026-09-11T07:49:55+00:00
PA1141,,transcriptional regulator,ocp,HTH_1,LysR_substrate,HTH_1,32460254,1070183,GCF_000006765.1,Pseudomonas aeruginosa PAO1,208964,kind=output; function=DNA binding,2026-09-11T07:49:55+00:00
PA1142,,transcriptional regulator,ocp,GntR,UTRA,GntR,32460253,1070184,GCF_000006765.1,Pseudomonas aeruginosa PAO1,208964,kind=output; function=DNA binding,2026-09-11T07:49:55+00:00
PA1145,,transcriptional regulator,ocp,HTH_1,LysR_substrate,HTH_1,32460252,1070187,GCF_000006765.1,Pseudomonas aeruginosa PAO1,208964,kind=output; function=DNA binding,2026-09-11T07:49:55+00:00
PA1157,,two-component response regulator,tcp|rr,Trans_reg_C,,Trans_reg_C,32460251,1070198,GCF_000006765.1,Pseudomonas aeruginosa PAO1,208964,kind=output; function=DNA binding,2026-09-11T07:49:55+00:00
PA1179,,two-component response regulator PhoP,tcp|rr,Trans_reg_C,,Trans_reg_C,32460249,1070220,GCF_000006765.1,Pseudomonas aeruginosa PAO1,208964,kind=output; function=DNA binding,2026-09-11T07:49:55+00:00
PA1182,,transcriptional regulator,ocp,HTH_18,Arabinose_bd,HTH_18,32460246,1070223,GCF_000006765.1,Pseudomonas aeruginosa PAO1,208964,kind=output; function=DNA binding,2026-09-11T07:49:55+00:00
PA1184,,transcriptional regulator,ocp,HTH_1,LysR_substrate,HTH_1,32460245,1070225,GCF_000006765.1,Pseudomonas aeruginosa PAO1,208964,kind=output; function=DNA binding,2026-09-11T07:49:55+00:00
PA1196,,transcriptional regulator,ocp,HTH_8,PAS,HTH_8,32460244,1070237,GCF_000006765.1,Pseudomonas aeruginosa PAO1,208964,kind=output; function=DNA binding,2026-09-11T07:49:55+00:00
PA1201,,transcriptional regulator,ocp,HTH_1,LysR_substrate,HTH_1,32460243,1070242,GCF_000006765.1,Pseudomonas aeruginosa PAO1,208964,kind=output; function=DNA binding,2026-09-11T07:49:55+00:00
PA1223,,transcriptional regulator,ocp,HTH_1,LysR_substrate,HTH_1,32460282,1070264,GCF_000006765.1,Pseudomonas aeruginosa PAO1,208964,kind=output; function=DNA binding,2026-09-11T07:49:55+00:00
PA1226,,transcriptional regulator,ocp,TetR_N,,TetR_N,32460281,1070267,GCF_000006765.1,Pseudomonas aeruginosa PAO1,208964,kind=output; function=DNA binding,2026-09-11T07:49:55+00:00
PA1229,,transcriptional regulator,ocp,HTH_18,,HTH_18,32460280,1070270,GCF_000006765.1,Pseudomonas aeruginosa PAO1,208964,kind=output; function=DNA binding,2026-09-11T07:49:55+00:00
PA1235,,transcriptional regulator,ocp,HTH_18,AraC_binding,HTH_18,32460279,1070276,GCF_000006765.1,Pseudomonas aeruginosa PAO1,208964,kind=output; function=DNA binding,2026-09-11T07:49:55+00:00
PA1241,,transcriptional regulator,ocp,TetR_N,,TetR_N,32460278,1070282,GCF_000006765.1,Pseudomonas aeruginosa PAO1,208964,kind=output; function=DNA binding,2026-09-11T07:49:55+00:00
PA1261,,transcriptional regulator,ocp,HTH_18,PAS,HTH_18,32460241,1070302,GCF_000006765.1,Pseudomonas aeruginosa PAO1,208964,kind=output; function=DNA binding,2026-09-11T07:49:55+00:00
PA1263,,hypothetical protein,ocp,HTH_31,,HTH_31,32460240,1070304,GCF_000006765.1,Pseudomonas aeruginosa PAO1,208964,kind=output; function=DNA binding,2026-09-11T07:49:55+00:00
PA1264,,transcriptional regulator,ocp,HTH_1,LysR_substrate,HTH_1,32460239,1070305,GCF_000006765.1,Pseudomonas aeruginosa PAO1,208964,kind=output; function=DNA binding,2026-09-11T07:49:55+00:00
PA1269,,transcriptional regulator,ocp,GntR,FCD,GntR,32460238,1070310,GCF_000006765.1,Pseudomonas aeruginosa PAO1,208964,kind=output; function=DNA binding,2026-09-11T07:49:55+00:00
PA1283,,transcriptional regulator,ocp,TetR_N,,TetR_N,32460237,1070324,GCF_000006765.1,Pseudomonas aeruginosa PAO1,208964,kind=output; function=DNA binding,2026-09-11T07:49:55+00:00
PA1285,,transcriptional regulator,ocp,MarR_2,,MarR_2,32460236,1070326,GCF_000006765.1,Pseudomonas aeruginosa PAO1,208964,kind=output; function=DNA binding,2026-09-11T07:49:55+00:00
PA1290,,transcriptional regulator,ocp,TetR_N,,TetR_N,32460235,1070331,GCF_000006765.1,Pseudomonas aeruginosa PAO1,208964,kind=output; function=DNA binding,2026-09-11T07:49:55+00:00
PA1300,,ECF subfamily sigma-70 factor,ecf,Sigma70_r2|Sigma70_r4_2,,Sigma70_r2|Sigma70_r4_2,32460234,1070341,GCF_000006765.1,Pseudomonas aeruginosa PAO1,208964,kind=output; function=DNA binding,2026-09-11T07:49:55+00:00
PA1309,,transcriptional regulator,ocp,HTH_1,LysR_substrate,HTH_1,32460233,1070350,GCF_000006765.1,Pseudomonas aeruginosa PAO1,208964,kind=output; function=DNA binding,2026-09-11T07:49:55+00:00
PA1312,,transcriptional regulator,ocp,HTH_1,LysR_substrate,HTH_1,32460232,1070353,GCF_000006765.1,Pseudomonas aeruginosa PAO1,208964,kind=output; function=DNA binding,2026-09-11T07:49:55+00:00
PA1315,,transcriptional regulator,ocp,TetR_N,,TetR_N,32460231,1070356,GCF_000006765.1,Pseudomonas aeruginosa PAO1,208964,kind=output; function=DNA binding,2026-09-11T07:49:55+00:00
PA1328,,transcriptional regulator,ocp,HTH_1,LysR_substrate,HTH_1,32460230,1070370,GCF_000006765.1,Pseudomonas aeruginosa PAO1,208964,kind=output; function=DNA binding,2026-09-11T07:49:55+00:00
PA1335,,two-component response regulator,tcp|rr,HTH_8,,HTH_8,32460229,1070377,GCF_000006765.1,Pseudomonas aeruginosa PAO1,208964,kind=output; function=DNA binding,2026-09-11T07:49:55+00:00
PA1347,,transcriptional regulator,ocp,GerE,PAS,GerE,32460227,1070389,GCF_000006765.1,Pseudomonas aeruginosa PAO1,208964,kind=output; function=DNA binding,2026-09-11T07:49:55+00:00
PA1351,,ECF subfamily sigma-70 factor,ecf,Sigma70_r2|Sigma70_r4_2,,Sigma70_r2|Sigma70_r4_2,32460226,1070393,GCF_000006765.1,Pseudomonas aeruginosa PAO1,208964,kind=output; function=DNA binding,2026-09-11T07:49:55+00:00
PA1359,,transcriptional regulator,ocp,HTH_3,Cupin_2,HTH_3,32460218,1070401,GCF_000006765.1,Pseudomonas aeruginosa PAO1,208964,kind=output; function=DNA binding,2026-09-11T07:49:55+00:00
PA1363,,ECF subfamily sigma-70 factor,ecf,Sigma70_r4_2,,Sigma70_r4_2,32460217,1070405,GCF_000006765.1,Pseudomonas aeruginosa PAO1,208964,kind=output; function=DNA binding,2026-09-11T07:49:55+00:00
PA1374,,hypothetical protein,ocp,HxlR,,HxlR,32460216,1070416,GCF_000006765.1,Pseudomonas aeruginosa PAO1,208964,kind=output; function=DNA binding,2026-09-11T07:49:55+00:00
PA1380,,transcriptional regulator,ocp,HTH_18,AraC_N,HTH_18,32460215,1070422,GCF_000006765.1,Pseudomonas aeruginosa PAO1,208964,kind=output; function=DNA binding,2026-09-11T07:49:55+00:00
PA1397,,two-component response regulator,tcp|rr,GerE,,GerE,32460213,1070439,GCF_000006765.1,Pseudomonas aeruginosa PAO1,208964,kind=output; function=DNA binding,2026-09-11T07:49:55+00:00
PA1399,,transcriptional regulator,ocp,HTH_1,LysR_substrate,HTH_1,32460212,1070441,GCF_000006765.1,Pseudomonas aeruginosa PAO1,208964,kind=output; function=DNA binding,2026-09-11T07:49:55+00:00
PA1403,,transcriptional regulator,ocp,TetR_N,,TetR_N,32460211,1070445,GCF_000006765.1,Pseudomonas aeruginosa PAO1,208964,kind=output; function=DNA binding,2026-09-11T07:49:55+00:00
PA1413,,transcriptional regulator,ocp,HTH_1,LysR_substrate,HTH_1,32460210,1070455,GCF_000006765.1,Pseudomonas aeruginosa PAO1,208964,kind=output; function=DNA binding,2026-09-11T07:49:55+00:00
PA1422,,protein GbuR,ocp,HTH_1,LysR_substrate,HTH_1,32460209,1070464,GCF_000006765.1,Pseudomonas aeruginosa PAO1,208964,kind=output; function=DNA binding,2026-09-11T07:49:55+00:00
PA1430,,transcriptional regulator LasR,ocp,GerE,Autoind_bind,GerE,32460207,1070472,GCF_000006765.1,Pseudomonas aeruginosa PAO1,208964,kind=output; function=DNA binding,2026-09-11T07:49:55+00:00
PA1437,,two-component response regulator,tcp|rr,Trans_reg_C,,Trans_reg_C,32460205,1070479,GCF_000006765.1,Pseudomonas aeruginosa PAO1,208964,kind=output; function=DNA binding,2026-09-11T07:49:55+00:00
PA1455,,flagellar biosynthesis sigma factor FliA,ocp,Sigma70_r2|Sigma70_r3|Sigma70_r4,,Sigma70_r2|Sigma70_r3|Sigma70_r4,32460203,1070497,GCF_000006765.1,Pseudomonas aeruginosa PAO1,208964,kind=output; function=DNA binding,2026-09-11T07:49:55+00:00
PA1467,,hypothetical protein,ocp,HTH_11,WYL,HTH_11,32460259,1070509,GCF_000006765.1,Pseudomonas aeruginosa PAO1,208964,kind=output; function=DNA binding,2026-09-11T07:49:55+00:00
PA1484,,transcriptional regulator,ocp,GerE,,GerE,32460199,1070527,GCF_000006765.1,Pseudomonas aeruginosa PAO1,208964,kind=output; function=DNA binding,2026-09-11T07:49:55+00:00
PA1490,,transcriptional regulator,ocp,HTH_DeoR,DeoRC,HTH_DeoR,32460198,1070533,GCF_000006765.1,Pseudomonas aeruginosa PAO1,208964,kind=output; function=DNA binding,2026-09-11T07:49:55+00:00
PA1504,,transcriptional regulator,ocp,TetR_N,TetR_C_3,TetR_N,32460197,1070547,GCF_000006765.1,Pseudomonas aeruginosa PAO1,208964,kind=output; function=DNA binding,2026-09-11T07:49:55+00:00
PA1520,,transcriptional regulator,ocp,GntR,FCD,GntR,32460196,1070563,GCF_000006765.1,Pseudomonas aeruginosa PAO1,208964,kind=output; function=DNA binding,2026-09-11T07:49:55+00:00
PA1526,,transcriptional regulator,ocp,GntR,FCD,GntR,32460195,1070569,GCF_000006765.1,Pseudomonas aeruginosa PAO1,208964,kind=output; function=DNA binding,2026-09-11T07:49:55+00:00
PA1539,,hypothetical protein,ocp,TetR_N,,TetR_N,32460194,1070583,GCF_000006765.1,Pseudomonas aeruginosa PAO1,208964,kind=output; function=DNA binding,2026-09-11T07:49:55+00:00
PA1544,,transcriptional regulator Anr,ocp,Crp,cNMP_binding,Crp,32460193,1070588,GCF_000006765.1,Pseudomonas aeruginosa PAO1,208964,kind=output; function=DNA binding,2026-09-11T07:49:55+00:00
PA1570,,transcriptional regulator,ocp,HTH_1,LysR_substrate,HTH_1,32460191,1070615,GCF_000006765.1,Pseudomonas aeruginosa PAO1,208964,kind=output; function=DNA binding,2026-09-11T07:49:55+00:00
PA1599,,transcriptional regulator,ocp,HTH_18,AraC_binding,HTH_18,32460159,1070645,GCF_000006765.1,Pseudomonas aeruginosa PAO1,208964,kind=output; function=DNA binding,2026-09-11T07:49:55+00:00
PA1603,,transcriptional regulator,ocp,MarR,,MarR,32460158,1070649,GCF_000006765.1,Pseudomonas aeruginosa PAO1,208964,kind=output; function=DNA binding,2026-09-11T07:49:55+00:00
PA1607,,hypothetical protein,ocp,HxlR,,HxlR,32460157,1070653,GCF_000006765.1,Pseudomonas aeruginosa PAO1,208964,kind=output; function=DNA binding,2026-09-11T07:49:55+00:00
PA1619,,transcriptional regulator,ocp,HTH_18,AraC_binding,HTH_18,32460154,1070665,GCF_000006765.1,Pseudomonas aeruginosa PAO1,208964,kind=output; function=DNA binding,2026-09-11T07:49:55+00:00
PA1627,,transcriptional regulator,ocp,GntR,FCD,GntR,32460153,1070673,GCF_000006765.1,Pseudomonas aeruginosa PAO1,208964,kind=output; function=DNA binding,2026-09-11T07:49:55+00:00
PA1630,,transcriptional regulator,ocp,HTH_IclR,IclR,HTH_IclR,32460152,1070676,GCF_000006765.1,Pseudomonas aeruginosa PAO1,208964,kind=output; function=DNA binding,2026-09-11T07:49:55+00:00
PA1637,,two-component response regulator KdpE,tcp|rr,Trans_reg_C,,Trans_reg_C,32460150,1070683,GCF_000006765.1,Pseudomonas aeruginosa PAO1,208964,kind=output; function=DNA binding,2026-09-11T07:49:55+00:00
PA1653,,transcriptional regulator,ocp,MarR_2,,MarR_2,32460148,1070700,GCF_000006765.1,Pseudomonas aeruginosa PAO1,208964,kind=output; function=DNA binding,2026-09-11T07:49:55+00:00
PA1663,,transcriptional regulator,ocp,HTH_8,,HTH_8,32460147,1070710,GCF_000006765.1,Pseudomonas aeruginosa PAO1,208964,kind=output; function=DNA binding,2026-09-11T07:49:55+00:00
PA1713,,exoenzyme S transcriptional regulator ExsA,ocp,HTH_18,,HTH_18,32460225,1070760,GCF_000006765.1,Pseudomonas aeruginosa PAO1,208964,kind=output; function=DNA binding,2026-09-11T07:49:55+00:00
PA1738,,transcriptional regulator,ocp,HTH_1,LysR_substrate,HTH_1,32460223,1070785,GCF_000006765.1,Pseudomonas aeruginosa PAO1,208964,kind=output; function=DNA binding,2026-09-11T07:49:55+00:00
PA1754,,transcriptional regulator CysB,ocp,HTH_1,LysR_substrate,HTH_1,32460221,1070801,GCF_000006765.1,Pseudomonas aeruginosa PAO1,208964,kind=output; function=DNA binding,2026-09-11T07:49:55+00:00
PA1759,,transcriptional regulator,ocp,GerE,,GerE,32460220,1070806,GCF_000006765.1,Pseudomonas aeruginosa PAO1,208964,kind=output; function=DNA binding,2026-09-11T07:49:55+00:00
PA1760,,transcriptional regulator,ocp,GerE,,GerE,32460219,1070807,GCF_000006765.1,Pseudomonas aeruginosa PAO1,208964,kind=output; function=DNA binding,2026-09-11T07:49:55+00:00
PA1776,,RNA polymerase sigma factor SigX,ecf,Sigma70_r2|Sigma70_r4,,Sigma70_r2|Sigma70_r4,32460144,1070823,GCF_000006765.1,Pseudomonas aeruginosa PAO1,208964,kind=output; function=DNA binding,2026-09-11T07:49:55+00:00
PA1799,,two-component response regulator ParR,tcp|rr,Trans_reg_C,,Trans_reg_C,32460139,1070852,GCF_000006765.1,Pseudomonas aeruginosa PAO1,208964,kind=output; function=DNA binding,2026-09-11T07:49:55+00:00
PA1826,,transcriptional regulator,ocp,HTH_1,LysR_substrate,HTH_1,32460138,1070880,GCF_000006765.1,Pseudomonas aeruginosa PAO1,208964,kind=output; function=DNA binding,2026-09-11T07:49:55+00:00
PA1836,,transcriptional regulator,ocp,TetR_N,,TetR_N,32460137,1070890,GCF_000006765.1,Pseudomonas aeruginosa PAO1,208964,kind=output; function=DNA binding,2026-09-11T07:49:55+00:00
PA1850,,transcriptional regulator,ocp,HTH_18,DJ-1_PfpI,HTH_18,32460136,1070905,GCF_000006765.1,Pseudomonas aeruginosa PAO1,208964,kind=output; function=DNA binding,2026-09-11T07:49:55+00:00
PA1853,,transcriptional regulator,ocp,HTH_1,LysR_substrate,HTH_1,32460134,1070908,GCF_000006765.1,Pseudomonas aeruginosa PAO1,208964,kind=output; function=DNA binding,2026-09-11T07:49:55+00:00
PA1859,,transcriptional regulator,ocp,HTH_1,LysR_substrate,HTH_1,32460133,1070914,GCF_000006765.1,Pseudomonas aeruginosa PAO1,208964,kind=output; function=DNA binding,2026-09-11T07:49:55+00:00
PA1864,,transcriptional regulator,ocp,TetR_N,TetR_C_3,TetR_N,32460107,1070919,GCF_000006765.1,Pseudomonas aeruginosa PAO1,208964,kind=output; function=DNA binding,2026-09-11T07:49:55+00:00
PA1879,,hypothetical protein,ocp,HTH_31,,HTH_31,32460106,1070935,GCF_000006765.1,Pseudomonas aeruginosa PAO1,208964,kind=output; function=DNA binding,2026-09-11T07:49:55+00:00
PA1884,,transcriptional regulator,ocp,HTH_3,,HTH_3,32460105,1070940,GCF_000006765.1,Pseudomonas aeruginosa PAO1,208964,kind=output; function=DNA binding,2026-09-11T07:49:55+00:00
PA1898,,quorum-sensing control repressor,ocp,GerE,Autoind_bind,GerE,32460104,1070954,GCF_000006765.1,Pseudomonas aeruginosa PAO1,208964,kind=output; function=DNA binding,2026-09-11T07:49:55+00:00
PA1912,,ECF sigma factor FemI,ecf,Sigma70_r2|Sigma70_r4_2,,Sigma70_r2|Sigma70_r4_2,32460103,1070968,GCF_000006765.1,Pseudomonas aeruginosa PAO1,208964,kind=output; function=DNA binding,2026-09-11T07:49:55+00:00
PA1915,,hypothetical protein,ocp,HTH_30,PucR,HTH_30,32460102,1070971,GCF_000006765.1,Pseudomonas aeruginosa PAO1,208964,kind=output; function=DNA binding,2026-09-11T07:49:55+00:00
PA1945,,transcriptional regulator,ocp,HTH_8,,HTH_8,32460100,1070999,GCF_000006765.1,Pseudomonas aeruginosa PAO1,208964,kind=output; function=DNA binding,2026-09-11T07:49:55+00:00
PA1949,,ribose operon repressor RbsR,ocp,LacI,Peripla_BP_3,LacI,32460098,1071003,GCF_000006765.1,Pseudomonas aeruginosa PAO1,208964,kind=output; function=DNA binding,2026-09-11T07:49:55+00:00
PA1961,,transcriptional regulator,ocp,HTH_1,LysR_substrate,HTH_1,32460097,1071015,GCF_000006765.1,Pseudomonas aeruginosa PAO1,208964,kind=output; function=DNA binding,2026-09-11T07:49:55+00:00
PA1978,,glycerol metabolism activator,tcp|rr,GerE,,GerE,32460188,1071032,GCF_000006765.1,Pseudomonas aeruginosa PAO1,208964,kind=output; function=DNA binding,2026-09-11T07:49:55+00:00
PA1980,,response regulator EraR,tcp|rr,GerE,,GerE,32460186,1071034,GCF_000006765.1,Pseudomonas aeruginosa PAO1,208964,kind=output; function=DNA binding,2026-09-11T07:49:55+00:00
PA1998,,transcriptional regulator DhcR,ocp,HTH_1,LysR_substrate,HTH_1,32460184,1071052,GCF_000006765.1,Pseudomonas aeruginosa PAO1,208964,kind=output; function=DNA binding,2026-09-11T07:49:55+00:00
PA2005,,transcriptional regulator,ocp,HTH_8,PAS,HTH_8,32460183,1071059,GCF_000006765.1,Pseudomonas aeruginosa PAO1,208964,kind=output; function=DNA binding,2026-09-11T07:49:55+00:00
PA2010,,transcriptional regulator,ocp,HTH_IclR,IclR,HTH_IclR,32460182,1071064,GCF_000006765.1,Pseudomonas aeruginosa PAO1,208964,kind=output; function=DNA binding,2026-09-11T07:49:55+00:00
PA2016,,liu genes regulator,ocp,MerR_1,,MerR_1,32460181,1071070,GCF_000006765.1,Pseudomonas aeruginosa PAO1,208964,kind=output; function=DNA binding,2026-09-11T07:49:55+00:00
PA2020,,transcriptional regulator,ocp,TetR_N,TetR_C_2,TetR_N,32460180,1071074,GCF_000006765.1,Pseudomonas aeruginosa PAO1,208964,kind=output; function=DNA binding,2026-09-11T07:49:55+00:00
PA2028,,transcriptional regulator,ocp,HTH_24,AsnC_trans_reg,HTH_24,32460179,1071082,GCF_000006765.1,Pseudomonas aeruginosa PAO1,208964,kind=output; function=DNA binding,2026-09-11T07:49:55+00:00
PA2029,,hypothetical protein,ocp,HTH_43,,HTH_43,32460178,1071083,GCF_000006765.1,Pseudomonas aeruginosa PAO1,208964,kind=output; function=DNA binding,2026-09-11T07:49:55+00:00
PA2032,,transcriptional regulator,ocp,GntR,Aminotran_1_2,GntR,32460177,1071086,GCF_000006765.1,Pseudomonas aeruginosa PAO1,208964,kind=output; function=DNA binding,2026-09-11T07:49:55+00:00
PA2047,,transcriptional regulator,ocp,HTH_18,AraC_N,HTH_18,32460176,1071101,GCF_000006765.1,Pseudomonas aeruginosa PAO1,208964,kind=output; function=DNA binding,2026-09-11T07:49:55+00:00
PA2050,,RNA polymerase sigma factor,ecf,Sigma70_r2|Sigma70_r4_2,,Sigma70_r2|Sigma70_r4_2,32460175,1071104,GCF_000006765.1,Pseudomonas aeruginosa PAO1,208964,kind=output; function=DNA binding,2026-09-11T07:49:55+00:00
PA2054,,DNA-binding transcriptional regulator CynR,ocp,HTH_1,LysR_substrate,HTH_1,32460174,1071108,GCF_000006765.1,Pseudomonas aeruginosa PAO1,208964,kind=output; function=DNA binding,2026-09-11T07:49:55+00:00
PA2056,,transcriptional regulator,ocp,HTH_1,LysR_substrate,HTH_1,32460173,1071110,GCF_000006765.1,Pseudomonas aeruginosa PAO1,208964,kind=output; function=DNA binding,2026-09-11T07:49:55+00:00
PA2076,,transcriptional regulator,ocp,HTH_1,LysR_substrate,HTH_1,32460171,1071130,GCF_000006765.1,Pseudomonas aeruginosa PAO1,208964,kind=output; function=DNA binding,2026-09-11T07:49:55+00:00
PA2082,,transcriptional regulator,ocp,HTH_24,AsnC_trans_reg,HTH_24,32460170,1071136,GCF_000006765.1,Pseudomonas aeruginosa PAO1,208964,kind=output; function=DNA binding,2026-09-11T07:49:55+00:00
PA2093,,RNA polymerase sigma factor,ecf,Sigma70_r2|Sigma70_r4,,Sigma70_r2|Sigma70_r4,32460169,1071147,GCF_000006765.1,Pseudomonas aeruginosa PAO1,208964,kind=output; function=DNA binding,2026-09-11T07:49:55+00:00
PA2096,,transcriptional regulator,ocp,HTH_18,Arabinose_bd,HTH_18,32460168,1071150,GCF_000006765.1,Pseudomonas aeruginosa PAO1,208964,kind=output; function=DNA binding,2026-09-11T07:49:55+00:00
PA2100,,transcriptional regulator,ocp,GntR,Aminotran_1_2,GntR,32460167,1071154,GCF_000006765.1,Pseudomonas aeruginosa PAO1,208964,kind=output; function=DNA binding,2026-09-11T07:49:55+00:00
PA2115,,transcriptional regulator,ocp,HTH_1,LysR_substrate,HTH_1,32460166,1071169,GCF_000006765.1,Pseudomonas aeruginosa PAO1,208964,kind=output; function=DNA binding,2026-09-11T07:49:55+00:00
PA2118,,O6-methylguanine-DNA methyltransferase,ocp,HTH_18,Ada_Zn_binding,HTH_18,32460165,1071172,GCF_000006765.1,Pseudomonas aeruginosa PAO1,208964,kind=output; function=DNA binding,2026-09-11T07:49:55+00:00
PA2121,,transcriptional regulator,ocp,HTH_1,LysR_substrate,HTH_1,32460164,1071176,GCF_000006765.1,Pseudomonas aeruginosa PAO1,208964,kind=output; function=DNA binding,2026-09-11T07:49:55+00:00
PA2123,,transcriptional regulator,ocp,HTH_1,LysR_substrate,HTH_1,32460163,1071178,GCF_000006765.1,Pseudomonas aeruginosa PAO1,208964,kind=output; function=DNA binding,2026-09-11T07:49:55+00:00
PA2196,,transcriptional regulator,ocp,TetR_N,TetR_C_13,TetR_N,32460096,1071252,GCF_000006765.1,Pseudomonas aeruginosa PAO1,208964,kind=output; function=DNA binding,2026-09-11T07:49:55+00:00
PA2206,,transcriptional regulator,ocp,HTH_1,LysR_substrate,HTH_1,32460094,1071262,GCF_000006765.1,Pseudomonas aeruginosa PAO1,208964,kind=output; function=DNA binding,2026-09-11T07:49:55+00:00
PA2220,,transcriptional regulator,ocp,HTH_1,LysR_substrate,HTH_1,32460093,1071276,GCF_000006765.1,Pseudomonas aeruginosa PAO1,208964,kind=output; function=DNA binding,2026-09-11T07:49:55+00:00
PA2227,,HTH-type transcriptional regulator VqsM,ocp,HTH_18,Arabinose_bd,HTH_18,32460092,1071283,GCF_000006765.1,Pseudomonas aeruginosa PAO1,208964,kind=output; function=DNA binding,2026-09-11T07:49:55+00:00
PA2246,,Bkd operon transcriptional regulator BkdR,ocp,HTH_24,AsnC_trans_reg,HTH_24,32460091,1071301,GCF_000006765.1,Pseudomonas aeruginosa PAO1,208964,kind=output; function=DNA binding,2026-09-11T07:49:55+00:00
PA2258,,HTH-type transcriptional regulator PtxR,ocp,HTH_1,LysR_substrate,HTH_1,32460090,1071313,GCF_000006765.1,Pseudomonas aeruginosa PAO1,208964,kind=output; function=DNA binding,2026-09-11T07:49:55+00:00
PA2259,,transcriptional regulator PtxS,ocp,LacI,Peripla_BP_1,LacI,32460089,1071314,GCF_000006765.1,Pseudomonas aeruginosa PAO1,208964,kind=output; function=DNA binding,2026-09-11T07:49:55+00:00
PA2267,,transcriptional regulator,ocp,HTH_1,LysR_substrate,HTH_1,32460088,1071322,GCF_000006765.1,Pseudomonas aeruginosa PAO1,208964,kind=output; function=DNA binding,2026-09-11T07:49:55+00:00
PA2270,,transcriptional regulator,ocp,TetR_N,,TetR_N,32460087,1071325,GCF_000006765.1,Pseudomonas aeruginosa PAO1,208964,kind=output; function=DNA binding,2026-09-11T07:49:55+00:00
PA2273,,redox-sensitive transcriptional activator SoxR,ocp,MerR|MerR-DNA-bind,,MerR|MerR-DNA-bind,32460086,1071328,GCF_000006765.1,Pseudomonas aeruginosa PAO1,208964,kind=output; function=DNA binding,2026-09-11T07:49:55+00:00
PA2276,,transcriptional regulator,ocp,HTH_18,AraC_N,HTH_18,32460085,1071331,GCF_000006765.1,Pseudomonas aeruginosa PAO1,208964,kind=output; function=DNA binding,2026-09-11T07:49:55+00:00
PA2277,,ArsR family transcriptional regulator,ocp,HTH_5,,HTH_5,32460084,1071332,GCF_000006765.1,Pseudomonas aeruginosa PAO1,208964,kind=output; function=DNA binding,2026-09-11T07:49:55+00:00
PA2281,,transcriptional regulator,ocp,HTH_18,,HTH_18,32460083,1071336,GCF_000006765.1,Pseudomonas aeruginosa PAO1,208964,kind=output; function=DNA binding,2026-09-11T07:49:55+00:00
PA2299,,transcriptional regulator,ocp,GntR,UTRA,GntR,32460082,1071354,GCF_000006765.1,Pseudomonas aeruginosa PAO1,208964,kind=output; function=DNA binding,2026-09-11T07:49:55+00:00
PA2312,,transcriptional regulator,ocp,HTH_3,Cupin_2,HTH_3,32460080,1071367,GCF_000006765.1,Pseudomonas aeruginosa PAO1,208964,kind=output; function=DNA binding,2026-09-11T07:49:55+00:00
PA2316,,transcriptional regulator,ocp,HTH_1,LysR_substrate,HTH_1,32460079,1071371,GCF_000006765.1,Pseudomonas aeruginosa PAO1,208964,kind=output; function=DNA binding,2026-09-11T07:49:55+00:00
PA2320,,GntR family transcriptional regulator,ocp,LacI,Peripla_BP_3,LacI,32460078,1071375,GCF_000006765.1,Pseudomonas aeruginosa PAO1,208964,kind=output; function=DNA binding,2026-09-11T07:49:55+00:00
PA2332,,transcriptional regulator,ocp,HTH_18,Cupin_6,HTH_18,32460077,1071387,GCF_000006765.1,Pseudomonas aeruginosa PAO1,208964,kind=output; function=DNA binding,2026-09-11T07:49:55+00:00
PA2334,,transcriptional regulator,ocp,HTH_1,LysR_substrate,HTH_1,32460076,1071389,GCF_000006765.1,Pseudomonas aeruginosa PAO1,208964,kind=output; function=DNA binding,2026-09-11T07:49:55+00:00
PA2337,,transcriptional regulator MtlR,ocp,HTH_18,,HTH_18,32460075,1071392,GCF_000006765.1,Pseudomonas aeruginosa PAO1,208964,kind=output; function=DNA binding,2026-09-11T07:49:55+00:00
PA2376,,transcriptional regulator,tcp|rr,GerE,,GerE,32460072,1071430,GCF_000006765.1,Pseudomonas aeruginosa PAO1,208964,kind=output; function=DNA binding,2026-09-11T07:49:55+00:00
PA2383,,transcriptional regulator,ocp,HTH_1,LysR_substrate,HTH_1,32460071,1071437,GCF_000006765.1,Pseudomonas aeruginosa PAO1,208964,kind=output; function=DNA binding,2026-09-11T07:49:55+00:00
PA2387,,RNA polymerase sigma factor,ecf,Sigma70_r2|Sigma70_r4_2,,Sigma70_r2|Sigma70_r4_2,32460070,1071441,GCF_000006765.1,Pseudomonas aeruginosa PAO1,208964,kind=output; function=DNA binding,2026-09-11T07:49:55+00:00
PA2417,,transcriptional regulator,ocp,HTH_1,LysR_substrate,HTH_1,32460132,1071470,GCF_000006765.1,Pseudomonas aeruginosa PAO1,208964,kind=output; function=DNA binding,2026-09-11T07:49:55+00:00
PA2426,,extracytoplasmic-function sigma-70 factor,ecf,Sigma70_r2|Sigma70_r4_2,,Sigma70_r2|Sigma70_r4_2,32460131,1071479,GCF_000006765.1,Pseudomonas aeruginosa PAO1,208964,kind=output; function=DNA binding,2026-09-11T07:49:55+00:00
PA2432,,bistable expression regulator BexR,ocp,HTH_1,LysR_substrate,HTH_1,32460130,1071485,GCF_000006765.1,Pseudomonas aeruginosa PAO1,208964,kind=output; function=DNA binding,2026-09-11T07:49:55+00:00
PA2447,,transcriptional regulator,ocp,HTH_1,LysR_substrate,HTH_1,32460129,1071500,GCF_000006765.1,Pseudomonas aeruginosa PAO1,208964,kind=output; function=DNA binding,2026-09-11T07:49:55+00:00
PA2468,,ECF sigma factor FoxI,ecf,Sigma70_r2|Sigma70_r4_2,,Sigma70_r2|Sigma70_r4_2,32460127,1071519,GCF_000006765.1,Pseudomonas aeruginosa PAO1,208964,kind=output; function=DNA binding,2026-09-11T07:49:55+00:00
PA2469,,transcriptional regulator,ocp,HTH_1,LysR_substrate,HTH_1,32460126,1071520,GCF_000006765.1,Pseudomonas aeruginosa PAO1,208964,kind=output; function=DNA binding,2026-09-11T07:49:55+00:00
PA2479,,two-component response regulator,tcp|rr,Trans_reg_C,,Trans_reg_C,32460125,1071530,GCF_000006765.1,Pseudomonas aeruginosa PAO1,208964,kind=output; function=DNA binding,2026-09-11T07:49:55+00:00
PA2484,,hypothetical protein,ocp,TetR_N,,TetR_N,32460123,1071535,GCF_000006765.1,Pseudomonas aeruginosa PAO1,208964,kind=output; function=DNA binding,2026-09-11T07:49:55+00:00
PA2488,,transcriptional regulator,ocp,HTH_18,AraC_binding,HTH_18,32460122,1071539,GCF_000006765.1,Pseudomonas aeruginosa PAO1,208964,kind=output; function=DNA binding,2026-09-11T07:49:55+00:00
PA2489,,transcriptional regulator,ocp,HTH_18,AraC_binding,HTH_18,32460121,1071540,GCF_000006765.1,Pseudomonas aeruginosa PAO1,208964,kind=output; function=DNA binding,2026-09-11T07:49:55+00:00
PA2492,,transcriptional regulator MexT,ocp,HTH_1,LysR_substrate,HTH_1,32460120,1071543,GCF_000006765.1,Pseudomonas aeruginosa PAO1,208964,kind=output; function=DNA binding,2026-09-11T07:49:55+00:00
PA2497,,transcriptional regulator,ocp,HTH_1,LysR_substrate,HTH_1,32460119,1071548,GCF_000006765.1,Pseudomonas aeruginosa PAO1,208964,kind=output; function=DNA binding,2026-09-11T07:49:55+00:00
PA2510,,transcriptional regulator CatR,ocp,HTH_1,LysR_substrate,HTH_1,32460117,1071561,GCF_000006765.1,Pseudomonas aeruginosa PAO1,208964,kind=output; function=DNA binding,2026-09-11T07:49:55+00:00
PA2511,,transcriptional regulator,ocp,HTH_18,AraC_binding_2,HTH_18,32460116,1071562,GCF_000006765.1,Pseudomonas aeruginosa PAO1,208964,kind=output; function=DNA binding,2026-09-11T07:49:55+00:00
PA2519,,transcriptional regulator XylS,ocp,HTH_18,AraC_binding_2,HTH_18,32460115,1071570,GCF_000006765.1,Pseudomonas aeruginosa PAO1,208964,kind=output; function=DNA binding,2026-09-11T07:49:55+00:00
PA2523,,two-component response regulator,tcp|rr,Trans_reg_C,,Trans_reg_C,32460114,1071574,GCF_000006765.1,Pseudomonas aeruginosa PAO1,208964,kind=output; function=DNA binding,2026-09-11T07:49:55+00:00
PA2534,,transcriptional regulator,ocp,HTH_1,LysR_substrate,HTH_1,32460112,1071585,GCF_000006765.1,Pseudomonas aeruginosa PAO1,208964,kind=output; function=DNA binding,2026-09-11T07:49:55+00:00
PA2547,,transcriptional regulator,ocp,HTH_1,LysR_substrate,HTH_1,32460111,1071598,GCF_000006765.1,Pseudomonas aeruginosa PAO1,208964,kind=output; function=DNA binding,2026-09-11T07:49:55+00:00
PA2551,,transcriptional regulator,ocp,HTH_1,LysR_substrate,HTH_1,32460110,1071602,GCF_000006765.1,Pseudomonas aeruginosa PAO1,208964,kind=output; function=DNA binding,2026-09-11T07:49:55+00:00
PA2556,,transcriptional regulator,ocp,HTH_18,Arabinose_bd,HTH_18,32460109,1071607,GCF_000006765.1,Pseudomonas aeruginosa PAO1,208964,kind=output; function=DNA binding,2026-09-11T07:49:55+00:00
PA2577,,transcriptional regulator,ocp,HTH_24,AsnC_trans_reg,HTH_24,32460065,1071630,GCF_000006765.1,Pseudomonas aeruginosa PAO1,208964,kind=output; function=DNA binding,2026-09-11T07:49:55+00:00
PA2586,,response regulator GacA,tcp|rr,GerE,,GerE,32460063,1071641,GCF_000006765.1,Pseudomonas aeruginosa PAO1,208964,kind=output; function=DNA binding,2026-09-11T07:49:55+00:00
PA2588,,transcriptional regulator,ocp,HTH_18,Arabinose_bd,HTH_18,32460062,1071643,GCF_000006765.1,Pseudomonas aeruginosa PAO1,208964,kind=output; function=DNA binding,2026-09-11T07:49:55+00:00
PA2591,,transcriptional regulator,ecf,GerE,,GerE,32460061,1071646,GCF_000006765.1,Pseudomonas aeruginosa PAO1,208964,kind=output; function=DNA binding,2026-09-11T07:49:55+00:00
PA2601,,transcriptional regulator,ocp,HTH_1,LysR_substrate,HTH_1,32460060,1071656,GCF_000006765.1,Pseudomonas aeruginosa PAO1,208964,kind=output; function=DNA binding,2026-09-11T07:49:55+00:00
PA2657,,two-component response regulator,tcp|rr,Trans_reg_C,,Trans_reg_C,32460055,1071713,GCF_000006765.1,Pseudomonas aeruginosa PAO1,208964,kind=output; function=DNA binding,2026-09-11T07:49:55+00:00
PA2665,,anaerobic nitric oxide reductase transcriptional regulator,ocp,HTH_8,GAF,HTH_8,32460054,1071721,GCF_000006765.1,Pseudomonas aeruginosa PAO1,208964,kind=output; function=DNA binding,2026-09-11T07:49:55+00:00
PA2681,,transcriptional regulator,ocp,HTH_1,LysR_substrate,HTH_1,32460049,1071737,GCF_000006765.1,Pseudomonas aeruginosa PAO1,208964,kind=output; function=DNA binding,2026-09-11T07:49:55+00:00
PA2686,,two-component response regulator PfeR,tcp|rr,Trans_reg_C,,Trans_reg_C,32460048,1071742,GCF_000006765.1,Pseudomonas aeruginosa PAO1,208964,kind=output; function=DNA binding,2026-09-11T07:49:55+00:00
PA2692,,transcriptional regulator,ocp,Rrf2,,Rrf2,32460046,1071748,GCF_000006765.1,Pseudomonas aeruginosa PAO1,208964,kind=output; function=DNA binding,2026-09-11T07:49:55+00:00
PA2696,,transcriptional regulator,ocp,HTH_18,,HTH_18,32460045,1071752,GCF_000006765.1,Pseudomonas aeruginosa PAO1,208964,kind=output; function=DNA binding,2026-09-11T07:49:55+00:00
PA2704,,transcriptional regulator,ocp,HTH_18,Arabinose_bd,HTH_18,32460044,1071760,GCF_000006765.1,Pseudomonas aeruginosa PAO1,208964,kind=output; function=DNA binding,2026-09-11T07:49:55+00:00
PA2713,,hypothetical protein,ocp,HxlR,,HxlR,32460043,1071769,GCF_000006765.1,Pseudomonas aeruginosa PAO1,208964,kind=output; function=DNA binding,2026-09-11T07:49:55+00:00
PA2718,,transcriptional regulator,ocp,MerR_1,,MerR_1,32460042,1071774,GCF_000006765.1,Pseudomonas aeruginosa PAO1,208964,kind=output; function=DNA binding,2026-09-11T07:49:55+00:00
PA2736,,hypothetical protein,ocp,MarR,,MarR,32460041,1071790,GCF_000006765.1,Pseudomonas aeruginosa PAO1,208964,kind=output; function=DNA binding,2026-09-11T07:49:55+00:00
PA2737,,hypothetical protein,ocp,MerR_1,,MerR_1,32460040,1071792,GCF_000006765.1,Pseudomonas aeruginosa PAO1,208964,kind=output; function=DNA binding,2026-09-11T07:49:55+00:00
PA2758,,transcriptional regulator,ocp,HTH_1,LysR_substrate,HTH_1,32460039,1071819,GCF_000006765.1,Pseudomonas aeruginosa PAO1,208964,kind=output; function=DNA binding,2026-09-11T07:49:55+00:00
PA2766,,transcriptional regulator,ocp,TetR_N,,TetR_N,32460038,1071828,GCF_000006765.1,Pseudomonas aeruginosa PAO1,208964,kind=output; function=DNA binding,2026-09-11T07:49:55+00:00
PA2780,,hypothetical protein,ocp,HTH_31,,HTH_31,32460037,1071844,GCF_000006765.1,Pseudomonas aeruginosa PAO1,208964,kind=output; function=DNA binding,2026-09-11T07:49:55+00:00
PA2785,,hypothetical protein,ocp,HTH_26,,HTH_26,32460036,1071849,GCF_000006765.1,Pseudomonas aeruginosa PAO1,208964,kind=output; function=DNA binding,2026-09-11T07:49:55+00:00
PA2802,,transcriptional regulator,ocp,GntR,UTRA,GntR,32460032,1071865,GCF_000006765.1,Pseudomonas aeruginosa PAO1,208964,kind=output; function=DNA binding,2026-09-11T07:49:55+00:00
PA2809,,two-component response regulator CopR,tcp|rr,Trans_reg_C,,Trans_reg_C,32460031,1071872,GCF_000006765.1,Pseudomonas aeruginosa PAO1,208964,kind=output; function=DNA binding,2026-09-11T07:49:55+00:00
PA2825,,transcriptional regulator,ocp,MarR,,MarR,32460026,1071890,GCF_000006765.1,Pseudomonas aeruginosa PAO1,208964,kind=output; function=DNA binding,2026-09-11T07:49:55+00:00
PA2834,,transcriptional regulator,ocp,HTH_1,LysR_substrate,HTH_1,32460024,1071899,GCF_000006765.1,Pseudomonas aeruginosa PAO1,208964,kind=output; function=DNA binding,2026-09-11T07:49:55+00:00
PA2838,,transcriptional regulator,ocp,HTH_1,LysR_substrate,HTH_1,32460023,1071903,GCF_000006765.1,Pseudomonas aeruginosa PAO1,208964,kind=output; function=DNA binding,2026-09-11T07:49:55+00:00
PA2846,,transcriptional regulator,ocp,HTH_1,LysR_substrate,HTH_1,32460022,1071911,GCF_000006765.1,Pseudomonas aeruginosa PAO1,208964,kind=output; function=DNA binding,2026-09-11T07:49:55+00:00
PA2848,,transcriptional regulator,ocp,HTH_1,LysR_substrate,HTH_1,32460021,1071913,GCF_000006765.1,Pseudomonas aeruginosa PAO1,208964,kind=output; function=DNA binding,2026-09-11T07:49:55+00:00
PA2849,,transcriptional regulator,ocp,MarR,,MarR,32460020,1071914,GCF_000006765.1,Pseudomonas aeruginosa PAO1,208964,kind=output; function=DNA binding,2026-09-11T07:49:55+00:00
PA2877,,transcriptional regulator,ocp,HTH_1,LysR_substrate,HTH_1,32460017,1071943,GCF_000006765.1,Pseudomonas aeruginosa PAO1,208964,kind=output; function=DNA binding,2026-09-11T07:49:55+00:00
PA2879,,transcriptional regulator,ocp,HTH_1,LysR_substrate,HTH_1,32460016,1071945,GCF_000006765.1,Pseudomonas aeruginosa PAO1,208964,kind=output; function=DNA binding,2026-09-11T07:49:55+00:00
PA2885,,atu genes repressor,ocp,TetR_N,,TetR_N,32460010,1071951,GCF_000006765.1,Pseudomonas aeruginosa PAO1,208964,kind=output; function=DNA binding,2026-09-11T07:49:55+00:00
PA2896,,RNA polymerase sigma factor,ecf,Sigma70_r2|Sigma70_r4_2,,Sigma70_r2|Sigma70_r4_2,32460009,1071962,GCF_000006765.1,Pseudomonas aeruginosa PAO1,208964,kind=output; function=DNA binding,2026-09-11T07:49:55+00:00
PA2897,,transcriptional regulator,ocp,GntR,Aminotran_1_2,GntR,32460008,1071963,GCF_000006765.1,Pseudomonas aeruginosa PAO1,208964,kind=output; function=DNA binding,2026-09-11T07:49:55+00:00
PA2899,,transcriptional regulator,tcp|rr,GerE,,GerE,32460007,1071965,GCF_000006765.1,Pseudomonas aeruginosa PAO1,208964,kind=output; function=DNA binding,2026-09-11T07:49:55+00:00
PA2917,,transcriptional regulator,ocp,HTH_18,AraC_binding,HTH_18,32460006,1071983,GCF_000006765.1,Pseudomonas aeruginosa PAO1,208964,kind=output; function=DNA binding,2026-09-11T07:49:55+00:00
PA2921,,transcriptional regulator,ocp,HTH_1,LysR_substrate,HTH_1,32460004,1071987,GCF_000006765.1,Pseudomonas aeruginosa PAO1,208964,kind=output; function=DNA binding,2026-09-11T07:49:55+00:00
PA2930,,transcriptional regulator,ocp,HTH_1,LysR_substrate,HTH_1,32460003,1071996,GCF_000006765.1,Pseudomonas aeruginosa PAO1,208964,kind=output; function=DNA binding,2026-09-11T07:49:55+00:00
PA2931,,CifR protein,ocp,TetR_N,,TetR_N,32460002,1071997,GCF_000006765.1,Pseudomonas aeruginosa PAO1,208964,kind=output; function=DNA binding,2026-09-11T07:49:55+00:00
PA2957,,transcriptional regulator,ocp,TetR_N,WHG,TetR_N,32460000,1072024,GCF_000006765.1,Pseudomonas aeruginosa PAO1,208964,kind=output; function=DNA binding,2026-09-11T07:49:55+00:00
PA3006,,transcriptional regulator PsrA,ocp,TetR_N,,TetR_N,32460053,1072074,GCF_000006765.1,Pseudomonas aeruginosa PAO1,208964,kind=output; function=DNA binding,2026-09-11T07:49:55+00:00
PA3007,,LexA repressor,ocp,LexA_DNA_bind,Peptidase_S24,LexA_DNA_bind,32460052,1072075,GCF_000006765.1,Pseudomonas aeruginosa PAO1,208964,kind=output; function=DNA binding,2026-09-11T07:49:55+00:00
PA3027,,transcriptional regulator,ocp,HTH_18,Arabinose_bd,HTH_18,32460050,1072095,GCF_000006765.1,Pseudomonas aeruginosa PAO1,208964,kind=output; function=DNA binding,2026-09-11T07:49:55+00:00
PA3034,,transcriptional regulator,ocp,TetR_N,,TetR_N,32459999,1072103,GCF_000006765.1,Pseudomonas aeruginosa PAO1,208964,kind=output; function=DNA binding,2026-09-11T07:49:55+00:00
PA3045,,two-component response regulator,tcp|rr,GerE,,GerE,32459997,1072114,GCF_000006765.1,Pseudomonas aeruginosa PAO1,208964,kind=output; function=DNA binding,2026-09-11T07:49:55+00:00
PA3056,,hypothetical protein,ocp,HTH_31,,HTH_31,32459996,1072125,GCF_000006765.1,Pseudomonas aeruginosa PAO1,208964,kind=output; function=DNA binding,2026-09-11T07:49:55+00:00
PA3067,,transcriptional regulator,ocp,HTH_27,,HTH_27,32459994,1072136,GCF_000006765.1,Pseudomonas aeruginosa PAO1,208964,kind=output; function=DNA binding,2026-09-11T07:49:55+00:00
PA3077,,two-component response regulator,tcp|rr,Trans_reg_C,,Trans_reg_C,32459993,1072146,GCF_000006765.1,Pseudomonas aeruginosa PAO1,208964,kind=output; function=DNA binding,2026-09-11T07:49:55+00:00
PA3094,,transcriptional regulator,ocp,HTH_18,Arabinose_bd,HTH_18,32459991,1072163,GCF_000006765.1,Pseudomonas aeruginosa PAO1,208964,kind=output; function=DNA binding,2026-09-11T07:49:55+00:00
PA3122,,transcriptional regulator,ocp,HTH_1,LysR_substrate,HTH_1,32459990,1072194,GCF_000006765.1,Pseudomonas aeruginosa PAO1,208964,kind=output; function=DNA binding,2026-09-11T07:49:55+00:00
PA3124,,transcriptional regulator,ocp,HTH_1,LysR_substrate,HTH_1,32459989,1072196,GCF_000006765.1,Pseudomonas aeruginosa PAO1,208964,kind=output; function=DNA binding,2026-09-11T07:49:55+00:00
PA3133,,transcriptional regulator,ocp,TetR_N,,TetR_N,32459988,1072205,GCF_000006765.1,Pseudomonas aeruginosa PAO1,208964,kind=output; function=DNA binding,2026-09-11T07:49:55+00:00
PA3135,,transcriptional regulator,ocp,HTH_1,LysR_substrate,HTH_1,32459987,1072211,GCF_000006765.1,Pseudomonas aeruginosa PAO1,208964,kind=output; function=DNA binding,2026-09-11T07:49:55+00:00
PA3174,,transcriptional regulator,ocp,HTH_IclR,IclR,HTH_IclR,32459985,1072250,GCF_000006765.1,Pseudomonas aeruginosa PAO1,208964,kind=output; function=DNA binding,2026-09-11T07:49:55+00:00
PA3184,,HTH-type transcriptional regulator,ocp,HTH_6,SIS,HTH_6,32459983,1072260,GCF_000006765.1,Pseudomonas aeruginosa PAO1,208964,kind=output; function=DNA binding,2026-09-11T07:49:55+00:00
PA3192,,two-component response regulator GltR,tcp|rr,Trans_reg_C,,Trans_reg_C,32459981,1072268,GCF_000006765.1,Pseudomonas aeruginosa PAO1,208964,kind=output; function=DNA binding,2026-09-11T07:49:55+00:00
PA3204,,two-component response regulator,tcp|rr,Trans_reg_C,,Trans_reg_C,32459980,1072280,GCF_000006765.1,Pseudomonas aeruginosa PAO1,208964,kind=output; function=DNA binding,2026-09-11T07:49:55+00:00
PA3215,,transcriptional regulator,ocp,HTH_18,Arabinose_bd,HTH_18,32459978,1072291,GCF_000006765.1,Pseudomonas aeruginosa PAO1,208964,kind=output; function=DNA binding,2026-09-11T07:49:55+00:00
PA3220,,transcriptional regulator,ocp,HTH_18,,HTH_18,32459976,1072295,GCF_000006765.1,Pseudomonas aeruginosa PAO1,208964,kind=output; function=DNA binding,2026-09-11T07:49:55+00:00
PA3225,,transcriptional regulator,ocp,HTH_1,LysR_substrate,HTH_1,32459975,1072300,GCF_000006765.1,Pseudomonas aeruginosa PAO1,208964,kind=output; function=DNA binding,2026-09-11T07:49:55+00:00
PA3249,,transcriptional regulator,ocp,GntR,UTRA,GntR,32460015,1072324,GCF_000006765.1,Pseudomonas aeruginosa PAO1,208964,kind=output; function=DNA binding,2026-09-11T07:49:55+00:00
PA3260,,transcriptional regulator,ocp,HTH_3,,HTH_3,32460013,1072335,GCF_000006765.1,Pseudomonas aeruginosa PAO1,208964,kind=output; function=DNA binding,2026-09-11T07:49:55+00:00
PA3269,,transcriptional regulator,ocp,HTH_18,AraC_binding,HTH_18,32459974,1072346,GCF_000006765.1,Pseudomonas aeruginosa PAO1,208964,kind=output; function=DNA binding,2026-09-11T07:49:55+00:00
PA3285,,ECF subfamily sigma-70 factor,ecf,Sigma70_r2|Sigma70_r4_2,,Sigma70_r2|Sigma70_r4_2,32459972,1072362,GCF_000006765.1,Pseudomonas aeruginosa PAO1,208964,kind=output; function=DNA binding,2026-09-11T07:49:55+00:00
PA3321,,transcriptional regulator,ocp,HTH_1,LysR_substrate,HTH_1,32459969,1072401,GCF_000006765.1,Pseudomonas aeruginosa PAO1,208964,kind=output; function=DNA binding,2026-09-11T07:49:55+00:00
PA3322,,hypothetical protein,ocp,MerR_1,,MerR_1,32459968,1072402,GCF_000006765.1,Pseudomonas aeruginosa PAO1,208964,kind=output; function=DNA binding,2026-09-11T07:49:55+00:00
PA3341,,transcriptional regulator,ocp,MarR_2,,MarR_2,32459967,1072421,GCF_000006765.1,Pseudomonas aeruginosa PAO1,208964,kind=output; function=DNA binding,2026-09-11T07:49:55+00:00
PA3381,,transcriptional regulator,ocp,GntR,UTRA,GntR,32459958,1072463,GCF_000006765.1,Pseudomonas aeruginosa PAO1,208964,kind=output; function=DNA binding,2026-09-11T07:49:55+00:00
PA3385,,alginate and motility regulator Z,ocp,Arc,,Arc,32459957,1072467,GCF_000006765.1,Pseudomonas aeruginosa PAO1,208964,kind=output; function=DNA binding,2026-09-11T07:49:55+00:00
PA3398,,transcriptional regulator,ocp,HTH_1,LysR_substrate,HTH_1,32459956,1072480,GCF_000006765.1,Pseudomonas aeruginosa PAO1,208964,kind=output; function=DNA binding,2026-09-11T07:49:55+00:00
PA3410,,ECF subfamily sigma-70 factor,ecf,Sigma70_r2|Sigma70_r4_2,,Sigma70_r2|Sigma70_r4_2,32459955,1072493,GCF_000006765.1,Pseudomonas aeruginosa PAO1,208964,kind=output; function=DNA binding,2026-09-11T07:49:55+00:00
PA3420,,transcriptional regulator,ocp,GerE,,GerE,32459954,1072503,GCF_000006765.1,Pseudomonas aeruginosa PAO1,208964,kind=output; function=DNA binding,2026-09-11T07:49:55+00:00
PA3423,,transcriptional regulator,ocp,HTH_18,,HTH_18,32459953,1072506,GCF_000006765.1,Pseudomonas aeruginosa PAO1,208964,kind=output; function=DNA binding,2026-09-11T07:49:55+00:00
PA3433,,transcriptional regulator,ocp,HTH_1,LysR_substrate,HTH_1,32459952,1072516,GCF_000006765.1,Pseudomonas aeruginosa PAO1,208964,kind=output; function=DNA binding,2026-09-11T07:49:55+00:00
PA3458,,transcriptional regulator,ocp,MarR,,MarR,32459951,1072542,GCF_000006765.1,Pseudomonas aeruginosa PAO1,208964,kind=output; function=DNA binding,2026-09-11T07:49:55+00:00
PA3477,,transcriptional regulator RhlR,ocp,GerE,Autoind_bind,GerE,32459986,1072561,GCF_000006765.1,Pseudomonas aeruginosa PAO1,208964,kind=output; function=DNA binding,2026-09-11T07:49:55+00:00
PA3508,,transcriptional regulator,ocp,HTH_IclR,IclR,HTH_IclR,32459949,1072592,GCF_000006765.1,Pseudomonas aeruginosa PAO1,208964,kind=output; function=DNA binding,2026-09-11T07:49:55+00:00
PA3563,,FruR family transcriptional regulator,ocp,LacI,Peripla_BP_1,LacI,32459948,1072647,GCF_000006765.1,Pseudomonas aeruginosa PAO1,208964,kind=output; function=DNA binding,2026-09-11T07:49:55+00:00
PA3565,,transcriptional regulator,ocp,HTH_1,LysR_substrate,HTH_1,32459947,1072649,GCF_000006765.1,Pseudomonas aeruginosa PAO1,208964,kind=output; function=DNA binding,2026-09-11T07:49:55+00:00
PA3571,,transcriptional regulator MmsR,ocp,HTH_18,AraC_binding,HTH_18,32459946,1072655,GCF_000006765.1,Pseudomonas aeruginosa PAO1,208964,kind=output; function=DNA binding,2026-09-11T07:49:55+00:00
PA3574,,transcriptional regulator,ocp,TetR_N,TetR_C_2,TetR_N,32459945,1072658,GCF_000006765.1,Pseudomonas aeruginosa PAO1,208964,kind=output; function=DNA binding,2026-09-11T07:49:55+00:00
PA3583,,glycerol-3-phosphate regulon repressor,ocp,HTH_DeoR,DeoRC,HTH_DeoR,32459944,1072668,GCF_000006765.1,Pseudomonas aeruginosa PAO1,208964,kind=output; function=DNA binding,2026-09-11T07:49:55+00:00
PA3587,,transcriptional regulator MetR,ocp,HTH_1,LysR_substrate,HTH_1,32459943,1072672,GCF_000006765.1,Pseudomonas aeruginosa PAO1,208964,kind=output; function=DNA binding,2026-09-11T07:49:55+00:00
PA3594,,transcriptional regulator,ocp,HTH_1,LysR_substrate,HTH_1,32459942,1072679,GCF_000006765.1,Pseudomonas aeruginosa PAO1,208964,kind=output; function=DNA binding,2026-09-11T07:49:55+00:00
PA3596,,methylated-DNA--protein-cysteine methyltransferase,ocp,HTH_18,Ada_Zn_binding,HTH_18,32459941,1072681,GCF_000006765.1,Pseudomonas aeruginosa PAO1,208964,kind=output; function=DNA binding,2026-09-11T07:49:55+00:00
PA3599,,transcriptional regulator,ocp,GerE,,GerE,32459940,1072684,GCF_000006765.1,Pseudomonas aeruginosa PAO1,208964,kind=output; function=DNA binding,2026-09-11T07:49:55+00:00
PA3604,,response regulator ErdR,tcp|rr,GerE,,GerE,32459939,1072689,GCF_000006765.1,Pseudomonas aeruginosa PAO1,208964,kind=output; function=DNA binding,2026-09-11T07:49:55+00:00
PA3622,,RNA polymerase sigma factor RpoS,ocp,Sigma70_r2|Sigma70_r3|Sigma70_r4,,Sigma70_r2|Sigma70_r3|Sigma70_r4,32459934,1072708,GCF_000006765.1,Pseudomonas aeruginosa PAO1,208964,kind=output; function=DNA binding,2026-09-11T07:49:55+00:00
PA3630,,glutathione-dependent formaldehyde neutralization regulator GfnR,ocp,HTH_1,LysR_substrate,HTH_1,32459933,1072716,GCF_000006765.1,Pseudomonas aeruginosa PAO1,208964,kind=output; function=DNA binding,2026-09-11T07:49:55+00:00
PA3678,,transcriptional regulator,ocp,TetR_N,TetR_C_7,TetR_N,32459932,1072764,GCF_000006765.1,Pseudomonas aeruginosa PAO1,208964,kind=output; function=DNA binding,2026-09-11T07:49:55+00:00
PA3689,,transcriptional regulator,ocp,MerR_1,,MerR_1,32459931,1072775,GCF_000006765.1,Pseudomonas aeruginosa PAO1,208964,kind=output; function=DNA binding,2026-09-11T07:49:55+00:00
PA3699,,transcriptional regulator,ocp,TetR_N,,TetR_N,32459930,1072785,GCF_000006765.1,Pseudomonas aeruginosa PAO1,208964,kind=output; function=DNA binding,2026-09-11T07:49:55+00:00
PA3711,,transcriptional regulator,ocp,HTH_1,LysR_substrate,HTH_1,32459922,1072797,GCF_000006765.1,Pseudomonas aeruginosa PAO1,208964,kind=output; function=DNA binding,2026-09-11T07:49:55+00:00
PA3714,,two-component response regulator,tcp|rr,GerE,,GerE,32459921,1072800,GCF_000006765.1,Pseudomonas aeruginosa PAO1,208964,kind=output; function=DNA binding,2026-09-11T07:49:55+00:00
PA3721,,transcriptional regulator,ocp,TetR_N,,TetR_N,32459920,1072807,GCF_000006765.1,Pseudomonas aeruginosa PAO1,208964,kind=output; function=DNA binding,2026-09-11T07:49:55+00:00
PA3757,,transcriptional regulator,ocp,GntR,UTRA,GntR,32459919,1072844,GCF_000006765.1,Pseudomonas aeruginosa PAO1,208964,kind=output; function=DNA binding,2026-09-11T07:49:55+00:00
PA3771,,transcriptional regulator,ecf,GerE,,GerE,32459918,1072858,GCF_000006765.1,Pseudomonas aeruginosa PAO1,208964,kind=output; function=DNA binding,2026-09-11T07:49:55+00:00
PA3776,,transcriptional regulator,ocp,HTH_1,LysR_substrate,HTH_1,32459917,1072863,GCF_000006765.1,Pseudomonas aeruginosa PAO1,208964,kind=output; function=DNA binding,2026-09-11T07:49:55+00:00
PA3778,,transcriptional regulator,ocp,HTH_1,LysR_substrate,HTH_1,32459916,1072865,GCF_000006765.1,Pseudomonas aeruginosa PAO1,208964,kind=output; function=DNA binding,2026-09-11T07:49:55+00:00
PA3782,,transcriptional regulator,ocp,HTH_18,DJ-1_PfpI,HTH_18,32459915,1072869,GCF_000006765.1,Pseudomonas aeruginosa PAO1,208964,kind=output; function=DNA binding,2026-09-11T07:49:55+00:00
PA3804,,hypothetical protein,ocp,HTH_25,DUF4115,HTH_25,32459914,1072891,GCF_000006765.1,Pseudomonas aeruginosa PAO1,208964,kind=output; function=DNA binding,2026-09-11T07:49:55+00:00
PA3815,,HTH-type transcriptional regulator,ocp,Rrf2,,Rrf2,32459913,1072902,GCF_000006765.1,Pseudomonas aeruginosa PAO1,208964,kind=output; function=DNA binding,2026-09-11T07:49:55+00:00
PA3830,,transcriptional regulator,ocp,HTH_18,Cupin_2,HTH_18,32459902,1072918,GCF_000006765.1,Pseudomonas aeruginosa PAO1,208964,kind=output; function=DNA binding,2026-09-11T07:49:55+00:00
PA3845,,transcriptional regulator,ocp,HTH_1,LysR_substrate,HTH_1,32459901,1072932,GCF_000006765.1,Pseudomonas aeruginosa PAO1,208964,kind=output; function=DNA binding,2026-09-11T07:49:55+00:00
PA3864,,transcriptional regulator,ocp,HTH_22,PAS,HTH_22,32459900,1072951,GCF_000006765.1,Pseudomonas aeruginosa PAO1,208964,kind=output; function=DNA binding,2026-09-11T07:49:55+00:00
PA3879,,transcriptional regulator NarL,tcp|rr,GerE,,GerE,32459898,1072967,GCF_000006765.1,Pseudomonas aeruginosa PAO1,208964,kind=output; function=DNA binding,2026-09-11T07:49:55+00:00
PA3895,,transcriptional regulator,ocp,HTH_1,LysR_substrate,HTH_1,32459897,1072984,GCF_000006765.1,Pseudomonas aeruginosa PAO1,208964,kind=output; function=DNA binding,2026-09-11T07:49:55+00:00
PA3898,,transcriptional regulator,ocp,HTH_18,,HTH_18,32459896,1072987,GCF_000006765.1,Pseudomonas aeruginosa PAO1,208964,kind=output; function=DNA binding,2026-09-11T07:49:55+00:00
PA3899,,RNA polymerase sigma factor,ecf,Sigma70_r2|Sigma70_r4_2,,Sigma70_r2|Sigma70_r4_2,32459895,1072988,GCF_000006765.1,Pseudomonas aeruginosa PAO1,208964,kind=output; function=DNA binding,2026-09-11T07:49:55+00:00
PA3921,,transcriptional regulator,ocp,GerE,,GerE,32459894,1073010,GCF_000006765.1,Pseudomonas aeruginosa PAO1,208964,kind=output; function=DNA binding,2026-09-11T07:49:55+00:00
PA3927,,transcriptional regulator,ocp,HTH_18,,HTH_18,32459893,1073016,GCF_000006765.1,Pseudomonas aeruginosa PAO1,208964,kind=output; function=DNA binding,2026-09-11T07:49:55+00:00
PA3948,,two-component response regulator RocA1,tcp|rr,GerE,,GerE,32459935,1073037,GCF_000006765.1,Pseudomonas aeruginosa PAO1,208964,kind=output; function=DNA binding,2026-09-11T07:49:55+00:00
PA3965,,transcriptional regulator,ocp,HTH_24,AsnC_trans_reg,HTH_24,32459892,1073054,GCF_000006765.1,Pseudomonas aeruginosa PAO1,208964,kind=output; function=DNA binding,2026-09-11T07:49:55+00:00
PA3973,,transcriptional regulator,ocp,TetR_N,,TetR_N,32459891,1073063,GCF_000006765.1,Pseudomonas aeruginosa PAO1,208964,kind=output; function=DNA binding,2026-09-11T07:49:55+00:00
PA3995,,transcriptional regulator,ocp,HTH_1,LysR_substrate,HTH_1,32459889,1073084,GCF_000006765.1,Pseudomonas aeruginosa PAO1,208964,kind=output; function=DNA binding,2026-09-11T07:49:55+00:00
PA4021,,transcriptional regulator,ocp,HTH_8,GAF,HTH_8,32459888,1073110,GCF_000006765.1,Pseudomonas aeruginosa PAO1,208964,kind=output; function=DNA binding,2026-09-11T07:49:55+00:00
PA4032,,two-component response regulator,tcp|rr,Trans_reg_C,,Trans_reg_C,32459887,1073121,GCF_000006765.1,Pseudomonas aeruginosa PAO1,208964,kind=output; function=DNA binding,2026-09-11T07:49:55+00:00
PA4070,,FeaR family transcriptional regulator,ocp,HTH_18,AraC_binding_2,HTH_18,32459885,1073158,GCF_000006765.1,Pseudomonas aeruginosa PAO1,208964,kind=output; function=DNA binding,2026-09-11T07:49:55+00:00
PA4074,,transcriptional regulator,ocp,GerE,,GerE,32459884,1073162,GCF_000006765.1,Pseudomonas aeruginosa PAO1,208964,kind=output; function=DNA binding,2026-09-11T07:49:55+00:00
PA4077,,transcriptional regulator,ocp,HTH_3,,HTH_3,32459881,1073165,GCF_000006765.1,Pseudomonas aeruginosa PAO1,208964,kind=output; function=DNA binding,2026-09-11T07:49:55+00:00
PA4080,,response regulator,tcp|rr,GerE,,GerE,32459880,1073168,GCF_000006765.1,Pseudomonas aeruginosa PAO1,208964,kind=output; function=DNA binding,2026-09-11T07:49:55+00:00
PA4094,,transcriptional regulator,ocp,HTH_18,AraC_binding_2,HTH_18,32459879,1073182,GCF_000006765.1,Pseudomonas aeruginosa PAO1,208964,kind=output; function=DNA binding,2026-09-11T07:49:55+00:00
PA4101,,protein BfmR,tcp|rr,Trans_reg_C,,Trans_reg_C,32459878,1073189,GCF_000006765.1,Pseudomonas aeruginosa PAO1,208964,kind=output; function=DNA binding,2026-09-11T07:49:55+00:00
PA4109,,transcriptional regulator AmpR,ocp,HTH_1,LysR_substrate,HTH_1,32459875,1073198,GCF_000006765.1,Pseudomonas aeruginosa PAO1,208964,kind=output; function=DNA binding,2026-09-11T07:49:55+00:00
PA4120,,transcriptional regulator,ocp,HTH_18,AraC_binding,HTH_18,32459872,1073209,GCF_000006765.1,Pseudomonas aeruginosa PAO1,208964,kind=output; function=DNA binding,2026-09-11T07:49:55+00:00
PA4132,,hypothetical protein,ocp,GntR,Aminotran_1_2,GntR,32459871,1073221,GCF_000006765.1,Pseudomonas aeruginosa PAO1,208964,kind=output; function=DNA binding,2026-09-11T07:49:55+00:00
PA4135,,transcriptional regulator,ocp,MarR,,MarR,32459870,1073224,GCF_000006765.1,Pseudomonas aeruginosa PAO1,208964,kind=output; function=DNA binding,2026-09-11T07:49:55+00:00
PA4145,,transcriptional regulator,ocp,HTH_1,LysR_substrate,HTH_1,32459869,1073234,GCF_000006765.1,Pseudomonas aeruginosa PAO1,208964,kind=output; function=DNA binding,2026-09-11T07:49:55+00:00
PA4147,,transcriptional regulator AcoR,ocp,HTH_8,GAF,HTH_8,32459868,1073236,GCF_000006765.1,Pseudomonas aeruginosa PAO1,208964,kind=output; function=DNA binding,2026-09-11T07:49:55+00:00
PA4157,,transcriptional regulator,ocp,HTH_IclR,IclR,HTH_IclR,32459867,1073246,GCF_000006765.1,Pseudomonas aeruginosa PAO1,208964,kind=output; function=DNA binding,2026-09-11T07:49:55+00:00
PA4165,,transcriptional regulator,ocp,GntR,Aminotran_1_2,GntR,32459866,1073254,GCF_000006765.1,Pseudomonas aeruginosa PAO1,208964,kind=output; function=DNA binding,2026-09-11T07:49:55+00:00
PA4169,,hypothetical protein,ocp,Rrf2,,Rrf2,32459865,1073258,GCF_000006765.1,Pseudomonas aeruginosa PAO1,208964,kind=output; function=DNA binding,2026-09-11T07:49:55+00:00
PA4174,,transcriptional regulator,ocp,HTH_1,LysR_substrate,HTH_1,32459864,1073263,GCF_000006765.1,Pseudomonas aeruginosa PAO1,208964,kind=output; function=DNA binding,2026-09-11T07:49:55+00:00
PA4184,,transcriptional regulator,ocp,HTH_18,DJ-1_PfpI,HTH_18,32459912,1073273,GCF_000006765.1,Pseudomonas aeruginosa PAO1,208964,kind=output; function=DNA binding,2026-09-11T07:49:55+00:00
PA4185,,transcriptional regulator,ocp,GntR,FCD,GntR,32459911,1073274,GCF_000006765.1,Pseudomonas aeruginosa PAO1,208964,kind=output; function=DNA binding,2026-09-11T07:49:55+00:00
PA4196,,protein BfiR,tcp|rr,GerE,,GerE,32459910,1073285,GCF_000006765.1,Pseudomonas aeruginosa PAO1,208964,kind=output; function=DNA binding,2026-09-11T07:49:55+00:00
PA4203,,transcriptional regulator,ocp,HTH_1,LysR_substrate,HTH_1,32459908,1073292,GCF_000006765.1,Pseudomonas aeruginosa PAO1,208964,kind=output; function=DNA binding,2026-09-11T07:49:55+00:00
PA4227,,transcriptional regulator PchR,ocp,HTH_18,,HTH_18,32459907,1073316,GCF_000006765.1,Pseudomonas aeruginosa PAO1,208964,kind=output; function=DNA binding,2026-09-11T07:49:55+00:00
PA4280,,biotin--protein ligase,ocp,HTH_11,BPL_LplA_LipB,HTH_11,32459906,1073375,GCF_000006765.1,Pseudomonas aeruginosa PAO1,208964,kind=output; function=DNA binding,2026-09-11T07:49:55+00:00
PA4288,,transcriptional regulator,ocp,HTH_18,AraC_binding,HTH_18,32459905,1073388,GCF_000006765.1,Pseudomonas aeruginosa PAO1,208964,kind=output; function=DNA binding,2026-09-11T07:49:55+00:00
PA4296,,two-component response regulator PprB,tcp|rr,GerE,,GerE,32459862,1073396,GCF_000006765.1,Pseudomonas aeruginosa PAO1,208964,kind=output; function=DNA binding,2026-09-11T07:49:55+00:00
PA4335,,hypothetical protein,ocp,RHH_4,,RHH_4,32459855,1073436,GCF_000006765.1,Pseudomonas aeruginosa PAO1,208964,kind=output; function=DNA binding,2026-09-11T07:49:55+00:00
PA4341,,transcriptional regulator,ocp,HTH_IclR,,HTH_IclR,32459854,1073442,GCF_000006765.1,Pseudomonas aeruginosa PAO1,208964,kind=output; function=DNA binding,2026-09-11T07:49:55+00:00
PA4354,,hypothetical protein,ocp,HTH_20,,HTH_20,32459852,1073455,GCF_000006765.1,Pseudomonas aeruginosa PAO1,208964,kind=output; function=DNA binding,2026-09-11T07:49:55+00:00
PA4357,,hypothetical protein,ocp,FeoC,,FeoC,32459851,1073458,GCF_000006765.1,Pseudomonas aeruginosa PAO1,208964,kind=output; function=DNA binding,2026-09-11T07:49:55+00:00
PA4363,,chromosome replication initiation inhibitor protein,ocp,HTH_1,LysR_substrate,HTH_1,32459850,1073465,GCF_000006765.1,Pseudomonas aeruginosa PAO1,208964,kind=output; function=DNA binding,2026-09-11T07:49:55+00:00
PA4381,,two-component response regulator,tcp|rr,Trans_reg_C,,Trans_reg_C,32459847,1073483,GCF_000006765.1,Pseudomonas aeruginosa PAO1,208964,kind=output; function=DNA binding,2026-09-11T07:49:55+00:00
PA4436,,transcriptional regulator,ocp,HTH_18,,HTH_18,32459844,1073540,GCF_000006765.1,Pseudomonas aeruginosa PAO1,208964,kind=output; function=DNA binding,2026-09-11T07:49:55+00:00
PA4493,,DNA-binding response regulator RoxR,tcp|rr,HTH_8,,HTH_8,32459843,1073598,GCF_000006765.1,Pseudomonas aeruginosa PAO1,208964,kind=output; function=DNA binding,2026-09-11T07:49:55+00:00
PA4499,,transcriptional regulator,ocp,HTH_31,Cupin_2,HTH_31,32459841,1073604,GCF_000006765.1,Pseudomonas aeruginosa PAO1,208964,kind=output; function=DNA binding,2026-09-11T07:49:55+00:00
PA4508,,transcriptional regulator,ocp,HTH_24,AsnC_trans_reg,HTH_24,32459883,1073613,GCF_000006765.1,Pseudomonas aeruginosa PAO1,208964,kind=output; function=DNA binding,2026-09-11T07:49:55+00:00
PA4547,,two-component response regulator PilR,tcp|rr,HTH_8,,HTH_8,32459838,1073656,GCF_000006765.1,Pseudomonas aeruginosa PAO1,208964,kind=output; function=DNA binding,2026-09-11T07:49:55+00:00
PA4659,,transcriptional regulator,ocp,MerR_1,,MerR_1,32459815,1073771,GCF_000006765.1,Pseudomonas aeruginosa PAO1,208964,kind=output; function=DNA binding,2026-09-11T07:49:55+00:00
PA4674,,hypothetical protein,ocp,HTH_3,,HTH_3,32459814,1073788,GCF_000006765.1,Pseudomonas aeruginosa PAO1,208964,kind=output; function=DNA binding,2026-09-11T07:49:55+00:00
PA4764,,ferric uptake regulation protein,ocp,FUR,,FUR,32459811,1073893,GCF_000006765.1,Pseudomonas aeruginosa PAO1,208964,kind=output; function=DNA binding,2026-09-11T07:49:55+00:00
PA4769,,transcriptional regulator,ocp,GntR,FCD,GntR,32459810,1073898,GCF_000006765.1,Pseudomonas aeruginosa PAO1,208964,kind=output; function=DNA binding,2026-09-11T07:49:55+00:00
PA4776,,two-component regulator system response regulator PmrA,tcp|rr,Trans_reg_C,,Trans_reg_C,32459809,1073905,GCF_000006765.1,Pseudomonas aeruginosa PAO1,208964,kind=output; function=DNA binding,2026-09-11T07:49:55+00:00
PA4778,,protein CueR,ocp,MerR|MerR-DNA-bind,,MerR|MerR-DNA-bind,32459807,1073907,GCF_000006765.1,Pseudomonas aeruginosa PAO1,208964,kind=output; function=DNA binding,2026-09-11T07:49:55+00:00
PA4784,,transcriptional regulator,ocp,HTH_24,AsnC_trans_reg,HTH_24,32459805,1073913,GCF_000006765.1,Pseudomonas aeruginosa PAO1,208964,kind=output; function=DNA binding,2026-09-11T07:49:55+00:00
PA4787,,transcriptional regulator,ocp,HTH_18,Arabinose_bd,HTH_18,32459804,1073916,GCF_000006765.1,Pseudomonas aeruginosa PAO1,208964,kind=output; function=DNA binding,2026-09-11T07:49:55+00:00
PA4806,,transcriptional regulator,ocp,GerE,,GerE,32459803,1073936,GCF_000006765.1,Pseudomonas aeruginosa PAO1,208964,kind=output; function=DNA binding,2026-09-11T07:49:55+00:00
PA4831,,transcriptional regulator,ocp,TetR_N,,TetR_N,32459802,1073961,GCF_000006765.1,Pseudomonas aeruginosa PAO1,208964,kind=output; function=DNA binding,2026-09-11T07:49:55+00:00
PA4853,,Fis family transcriptional regulator,ocp,HTH_8,,HTH_8,32459798,1073983,GCF_000006765.1,Pseudomonas aeruginosa PAO1,208964,kind=output; function=DNA binding,2026-09-11T07:49:55+00:00
PA4878,,transcriptional regulator,ocp,MerR_1,Cass2,MerR_1,32459796,1074008,GCF_000006765.1,Pseudomonas aeruginosa PAO1,208964,kind=output; function=DNA binding,2026-09-11T07:49:55+00:00
PA4885,,two-component response regulator,tcp|rr,Trans_reg_C,,Trans_reg_C,32459795,1074015,GCF_000006765.1,Pseudomonas aeruginosa PAO1,208964,kind=output; function=DNA binding,2026-09-11T07:49:55+00:00
PA4890,,transcriptional regulator,ocp,TetR_N,,TetR_N,32459793,1074020,GCF_000006765.1,Pseudomonas aeruginosa PAO1,208964,kind=output; function=DNA binding,2026-09-11T07:49:55+00:00
PA4896,,RNA polymerase sigma factor,ecf,Sigma70_r2|Sigma70_r4_2,,Sigma70_r2|Sigma70_r4_2,32459792,1074026,GCF_000006765.1,Pseudomonas aeruginosa PAO1,208964,kind=output; function=DNA binding,2026-09-11T07:49:55+00:00
PA4902,,transcriptional regulator,ocp,HTH_1,LysR_substrate,HTH_1,32459791,1074032,GCF_000006765.1,Pseudomonas aeruginosa PAO1,208964,kind=output; function=DNA binding,2026-09-11T07:49:55+00:00
PA4906,,transcriptional regulator,ocp,GntR,FCD,GntR,32459790,1074036,GCF_000006765.1,Pseudomonas aeruginosa PAO1,208964,kind=output; function=DNA binding,2026-09-11T07:49:55+00:00
PA4914,,transcriptional regulator,ocp,HTH_1,LysR_substrate,HTH_1,32459789,1074044,GCF_000006765.1,Pseudomonas aeruginosa PAO1,208964,kind=output; function=DNA binding,2026-09-11T07:49:55+00:00
PA4937,,exoribonuclease R,ocp,HTH_12,RNB,HTH_12,32459786,1074067,GCF_000006765.1,Pseudomonas aeruginosa PAO1,208964,kind=output; function=DNA binding,2026-09-11T07:49:55+00:00
PA4983,,two-component response regulator,tcp|rr,Trans_reg_C,,Trans_reg_C,32459831,1074115,GCF_000006765.1,Pseudomonas aeruginosa PAO1,208964,kind=output; function=DNA binding,2026-09-11T07:49:55+00:00
PA4984,,transcriptional regulator,ocp,TetR_N,TetR_C_6,TetR_N,32459830,1074116,GCF_000006765.1,Pseudomonas aeruginosa PAO1,208964,kind=output; function=DNA binding,2026-09-11T07:49:55+00:00
PA4987,,transcriptional regulator,ocp,HTH_3,Cupin_2,HTH_3,32459829,1074119,GCF_000006765.1,Pseudomonas aeruginosa PAO1,208964,kind=output; function=DNA binding,2026-09-11T07:49:55+00:00
PA4989,,transcriptional regulator,ocp,HTH_1,LysR_substrate,HTH_1,32459828,1074121,GCF_000006765.1,Pseudomonas aeruginosa PAO1,208964,kind=output; function=DNA binding,2026-09-11T07:49:55+00:00
PA5029,,transcriptional regulator,ocp,HTH_1,LysR_substrate,HTH_1,32459824,1074161,GCF_000006765.1,Pseudomonas aeruginosa PAO1,208964,kind=output; function=DNA binding,2026-09-11T07:49:55+00:00
PA5032,,transcriptional regulator,ocp,HTH_18,Arabinose_bd,HTH_18,32459823,1074164,GCF_000006765.1,Pseudomonas aeruginosa PAO1,208964,kind=output; function=DNA binding,2026-09-11T07:49:55+00:00
PA5059,,transcriptional regulator,ocp,TetR_N,,TetR_N,32459822,1074191,GCF_000006765.1,Pseudomonas aeruginosa PAO1,208964,kind=output; function=DNA binding,2026-09-11T07:49:55+00:00
PA5085,,transcriptional regulator,ocp,HTH_1,LysR_substrate,HTH_1,32459820,1074217,GCF_000006765.1,Pseudomonas aeruginosa PAO1,208964,kind=output; function=DNA binding,2026-09-11T07:49:55+00:00
PA5105,,histidine utilization repressor HutC,ocp,GntR,UTRA,GntR,32459819,1074236,GCF_000006765.1,Pseudomonas aeruginosa PAO1,208964,kind=output; function=DNA binding,2026-09-11T07:49:55+00:00
PA5116,,transcriptional regulator,ocp,MerR_1,,MerR_1,32459818,1074247,GCF_000006765.1,Pseudomonas aeruginosa PAO1,208964,kind=output; function=DNA binding,2026-09-11T07:49:55+00:00
PA5125,,two-component response regulator NtrC,tcp|rr,HTH_8,,HTH_8,32459816,1074256,GCF_000006765.1,Pseudomonas aeruginosa PAO1,208964,kind=output; function=DNA binding,2026-09-11T07:49:55+00:00
PA5157,,transcriptional regulator,ocp,MarR,,MarR,32459785,1074289,GCF_000006765.1,Pseudomonas aeruginosa PAO1,208964,kind=output; function=DNA binding,2026-09-11T07:49:55+00:00
PA5166,,two-component response regulator,tcp|rr,HTH_8,,HTH_8,32459783,1074299,GCF_000006765.1,Pseudomonas aeruginosa PAO1,208964,kind=output; function=DNA binding,2026-09-11T07:49:55+00:00
PA5179,,transcriptional regulator,ocp,HTH_1,LysR_substrate,HTH_1,32459782,1074312,GCF_000006765.1,Pseudomonas aeruginosa PAO1,208964,kind=output; function=DNA binding,2026-09-11T07:49:55+00:00
PA5189,,transcriptional regulator,ocp,HTH_1,LysR_substrate,HTH_1,32459780,1074324,GCF_000006765.1,Pseudomonas aeruginosa PAO1,208964,kind=output; function=DNA binding,2026-09-11T07:49:55+00:00
PA5200,,osmolarity response regulator,tcp|rr,Trans_reg_C,,Trans_reg_C,32459778,1074335,GCF_000006765.1,Pseudomonas aeruginosa PAO1,208964,kind=output; function=DNA binding,2026-09-11T07:49:55+00:00
PA5218,,transcriptional regulator,ocp,HTH_1,LysR_substrate,HTH_1,32459777,1074353,GCF_000006765.1,Pseudomonas aeruginosa PAO1,208964,kind=output; function=DNA binding,2026-09-11T07:49:55+00:00
PA5261,,alginate biosynthesis regulatory protein AlgR,tcp|rr,LytTR,,LytTR,32459776,1074398,GCF_000006765.1,Pseudomonas aeruginosa PAO1,208964,kind=output; function=DNA binding,2026-09-11T07:49:55+00:00
PA5283,,transcriptional regulator,ocp,GntR,Aminotran_1_2,GntR,32459775,1074420,GCF_000006765.1,Pseudomonas aeruginosa PAO1,208964,kind=output; function=DNA binding,2026-09-11T07:49:55+00:00
PA5293,,transcriptional regulator,ocp,HTH_1,LysR_substrate,HTH_1,32459774,1074430,GCF_000006765.1,Pseudomonas aeruginosa PAO1,208964,kind=output; function=DNA binding,2026-09-11T07:49:55+00:00
PA5301,,transcriptional regulator,ocp,HTH_3,Cupin_2,HTH_3,32459772,1074438,GCF_000006765.1,Pseudomonas aeruginosa PAO1,208964,kind=output; function=DNA binding,2026-09-11T07:49:55+00:00
PA5308,,leucine-responsive regulatory protein,ocp,HTH_24,AsnC_trans_reg,HTH_24,32459771,1074445,GCF_000006765.1,Pseudomonas aeruginosa PAO1,208964,kind=output; function=DNA binding,2026-09-11T07:49:55+00:00
PA5324,,transcriptional regulator,ocp,HTH_18,Arabinose_bd,HTH_18,32459770,1074462,GCF_000006765.1,Pseudomonas aeruginosa PAO1,208964,kind=output; function=DNA binding,2026-09-11T07:49:55+00:00
PA5342,,transcriptional regulator,ocp,HTH_18,AraC_binding,HTH_18,32459769,1074480,GCF_000006765.1,Pseudomonas aeruginosa PAO1,208964,kind=output; function=DNA binding,2026-09-11T07:49:55+00:00
PA5344,,transcriptional regulator,ocp,HTH_1,LysR_substrate,HTH_1,32459801,1074482,GCF_000006765.1,Pseudomonas aeruginosa PAO1,208964,kind=output; function=DNA binding,2026-09-11T07:49:55+00:00
PA5356,,DNA-binding transcriptional regulator GlcC,ocp,GntR,FCD,GntR,32459768,1074494,GCF_000006765.1,Pseudomonas aeruginosa PAO1,208964,kind=output; function=DNA binding,2026-09-11T07:49:55+00:00
PA5360,,two-component response regulator PhoB,tcp|rr,Trans_reg_C,,Trans_reg_C,32459767,1074498,GCF_000006765.1,Pseudomonas aeruginosa PAO1,208964,kind=output; function=DNA binding,2026-09-11T07:49:55+00:00
PA5374,,BetI family transcriptional regulator,ocp,TetR_N,TetR_C_6,TetR_N,32459764,1074517,GCF_000006765.1,Pseudomonas aeruginosa PAO1,208964,kind=output; function=DNA binding,2026-09-11T07:49:55+00:00
PA5380,,protein GbdR,ocp,HTH_18,DJ-1_PfpI,HTH_18,32459763,1074523,GCF_000006765.1,Pseudomonas aeruginosa PAO1,208964,kind=output; function=DNA binding,2026-09-11T07:49:55+00:00
PA5382,,transcriptional regulator,ocp,HTH_1,LysR_substrate,HTH_1,32459762,1074525,GCF_000006765.1,Pseudomonas aeruginosa PAO1,208964,kind=output; function=DNA binding,2026-09-11T07:49:55+00:00
PA5389,,CdhR family transcriptional regulator,ocp,HTH_18,DJ-1_PfpI,HTH_18,32459761,1074532,GCF_000006765.1,Pseudomonas aeruginosa PAO1,208964,kind=output; function=DNA binding,2026-09-11T07:49:55+00:00
PA5403,,transcriptional regulator,ocp,HTH_26,,HTH_26,32459760,1074546,GCF_000006765.1,Pseudomonas aeruginosa PAO1,208964,kind=output; function=DNA binding,2026-09-11T07:49:55+00:00
PA5428,,transcriptional regulator,ocp,HTH_1,LysR_substrate,HTH_1,32459759,1074571,GCF_000006765.1,Pseudomonas aeruginosa PAO1,208964,kind=output; function=DNA binding,2026-09-11T07:49:55+00:00
PA5431,,transcriptional regulator,ocp,GntR,Aminotran_1_2,GntR,32459758,1074574,GCF_000006765.1,Pseudomonas aeruginosa PAO1,208964,kind=output; function=DNA binding,2026-09-11T07:49:55+00:00
PA5437,,transcriptional regulator,ocp,HTH_1,LysR_substrate,HTH_1,32459757,1074580,GCF_000006765.1,Pseudomonas aeruginosa PAO1,208964,kind=output; function=DNA binding,2026-09-11T07:49:55+00:00
PA5438,,transcriptional regulator,ocp,HTH_6,SIS,HTH_6,32459756,1074582,GCF_000006765.1,Pseudomonas aeruginosa PAO1,208964,kind=output; function=DNA binding,2026-09-11T07:49:55+00:00
PA5483,,two-component response regulator AlgB,tcp|rr,HTH_8,,HTH_8,32459754,1074626,GCF_000006765.1,Pseudomonas aeruginosa PAO1,208964,kind=output; function=DNA binding,2026-09-11T07:49:55+00:00
PA5499,,transcriptional regulator,ocp,FUR,,FUR,32459751,1074642,GCF_000006765.1,Pseudomonas aeruginosa PAO1,208964,kind=output; function=DNA binding,2026-09-11T07:49:55+00:00
PA5506,,hypothetical protein,ocp,HTH_6,SIS,HTH_6,32459750,1074649,GCF_000006765.1,Pseudomonas aeruginosa PAO1,208964,kind=output; function=DNA binding,2026-09-11T07:49:55+00:00
PA5511,,DNA-binding response regulator MifR,tcp|rr,HTH_8,,HTH_8,32459749,1074654,GCF_000006765.1,Pseudomonas aeruginosa PAO1,208964,kind=output; function=DNA binding,2026-09-11T07:49:55+00:00
PA5525,,transcriptional regulator,ocp,GntR,FCD,GntR,32459747,1074668,GCF_000006765.1,Pseudomonas aeruginosa PAO1,208964,kind=output; function=DNA binding,2026-09-11T07:49:55+00:00
PA5550,,GlmR transcriptional regulator,ocp,HTH_DeoR,DeoRC,HTH_DeoR,32459746,1074693,GCF_000006765.1,Pseudomonas aeruginosa PAO1,208964,kind=output; function=DNA binding,2026-09-11T07:49:55+00:00
