gene,bnumber,uniprot_accession,tf_entities,tf_regulondb_ids,num_tf_entities,regulondb_version
nhaR,b0020,P0A9G2,NhaR,RDBECOLITFC00004,1,14.5
caiF,b0034,P0AE58,CaiF,RDBECOLITFC00031,1,14.5
araC,b0064,P0A9E0,AraC,RDBECOLITFC00220,1,14.5
sgrR,b0069,P33595,SgrR,RDBECOLITFC00215,1,14.5
leuO,b0076,P10151,LeuO,RDBECOLITFC00180,1,14.5
cra,b0080,P0ACP1,Cra,RDBECOLITFC00092,1,14.5
mraZ,b0081,P22186,MraZ,RDBECOLITFC00074,1,14.5
pdhR,b0113,P0ACL9,PdhR,RDBECOLITFC00221,1,14.5
dksA,b0145,P0ABS1,DksA,RDBECOLITFC00087,1,14.5
cdaR,b0162,P37047,CdaR,RDBECOLITFC00229,1,14.5
yafC,b0208,P30864,YafC,RDBECOLITFC00001,1,14.5
yafQ,b0225,Q47149,DinJ-YafQ,RDBECOLITFC00036,1,14.5
dinJ,b0226,Q47150,DinJ-YafQ,RDBECOLITFC00036,1,14.5
xynR,b0272,P77300,XynR,RDBECOLITFC00225,1,14.5
matA,b0294,P71301,MatA,RDBECOLITFC00015,1,14.5
rclR,b0305,P77379,RclR,RDBECOLITFC00053,1,14.5
betI,b0313,P17446,BetI,RDBECOLITFC00209,1,14.5
pdeL,b0315,P21514,PdeL,RDBECOLITFC00049,1,14.5
prpR,b0330,P77743,PrpR,RDBECOLITFC00014,1,14.5
cynR,b0338,P27111,CynR,RDBECOLITFC00169,1,14.5
lacI,b0345,P03023,LacI,RDBECOLITFC00223,1,14.5
mhpR,b0346,P77569,MhpR,RDBECOLITFC00166,1,14.5
frmR,b0357,P0AAP3,FrmR,RDBECOLITFC00027,1,14.5
phoB,b0399,P0AFJ5,PhoB,RDBECOLITFC00134,1,14.5
nrdR,b0413,P0A8D0,NrdR,RDBECOLITFC00187,1,14.5
bolA,b0435,P0ABE2,BolA,RDBECOLITFC00192,1,14.5
hupB,b0440,P0ACF4,HU,RDBECOLITFC00121,1,14.5
decR,b0447,P0ACJ5,DecR,RDBECOLITFC00062,1,14.5
acrR,b0464,P0ACS9,AcrR,RDBECOLITFC00154,1,14.5
cueR,b0487,P0A9G4,CueR,RDBECOLITFC00170,1,14.5
allS,b0504,P0ACR0,AllS,RDBECOLITFC00162,1,14.5
allR,b0506,P0ACN4,AllR,RDBECOLITFC00175,1,14.5
fimZ,b0535,P0AEL8,FimZ,RDBECOLITFC00165,1,14.5
appY,b0564,P05052,AppY,RDBECOLITFC00084,1,14.5
envY,b0566,P10805,EnvY,RDBECOLITFC00242,1,14.5
cusR,b0571,P0ACZ8,CusR,RDBECOLITFC00108,1,14.5
citR,b0603,P77746,CitR,RDBECOLITFC00234,1,14.5
dpiA,b0620,P0AEF4,DpiA,RDBECOLITFC00103,1,14.5
nagC,b0676,P0AF20,NagC,RDBECOLITFC00171,1,14.5
fur,b0683,P0A9A9,Fur,RDBECOLITFC00129,1,14.5
kdpE,b0694,P21866,KdpE,RDBECOLITFC00236,1,14.5
mngR,b0730,P13669,MngR,RDBECOLITFC00233,1,14.5
modE,b0761,P0A9G8,ModE,RDBECOLITFC00189,1,14.5
cecR,b0796,P0ACU0,CecR,RDBECOLITFC00181,1,14.5
mntR,b0817,P0A9F1,MntR,RDBECOLITFC00130,1,14.5
deoR,b0840,P0ACK5,DeoR,RDBECOLITFC00058,1,14.5
rcdA,b0846,P75811,RcdA,RDBECOLITFC00182,1,14.5
lrp,b0889,P0ACJ0,Lrp,RDBECOLITFC00110,1,14.5
ihfB,b0912,P0A6Y1,IHF,RDBECOLITFC00140,1,14.5
sxy,b0959,P75869,CRP-Sxy,RDBECOLITFC00096,1,14.5
torR,b0995,P38684,TorR,RDBECOLITFC00006,1,14.5
rutR,b1013,P0ACU2,RutR,RDBECOLITFC00081,1,14.5
putA,b1014,P09546,PutA,RDBECOLITFC00191,1,14.5
csgD,b1040,P52106,CsgD,RDBECOLITFC00240,1,14.5
comR,b1111,P75952,ComR,RDBECOLITFC00008,1,14.5
phoP,b1130,P23836,PhoP,RDBECOLITFC00003,1,14.5
bluR,b1162,P75989,BluR,RDBECOLITFC00072,1,14.5
fadR,b1187,P0A8V6,FadR,RDBECOLITFC00076,1,14.5
dhaR,b1201,P76016,DhaR,RDBECOLITFC00148,1,14.5
narL,b1221,P0AF28,NarL,RDBECOLITFC00070,1,14.5
hns,b1237,P0ACF8,H-NS,RDBECOLITFC00050,1,14.5
cysB,b1275,P0A9F3,CysB,RDBECOLITFC00038,1,14.5
yciT,b1284,P76034,YciT,RDBECOLITFC00185,1,14.5
puuR,b1299,P0A9U6,PuuR,RDBECOLITFC00019,1,14.5
pspF,b1303,P37344,PspF,RDBECOLITFC00042,1,14.5
ycjW,b1320,P77615,YcjW,RDBECOLITFC00184,1,14.5
tyrR,b1323,P07604,TyrR,RDBECOLITFC00030,1,14.5
pgrR,b1328,P77333,PgrR,RDBECOLITFC00136,1,14.5
fnr,b1334,P0A9E5,FNR,RDBECOLITFC00160,1,14.5
racR,b1356,P76062,RacR,RDBECOLITFC00107,1,14.5
ydaT,b1358,P76064,YdaT,RDBECOLITFC00046,1,14.5
feaR,b1384,Q47129,FeaR,RDBECOLITFC00021,1,14.5
paaX,b1399,P76086,PaaX,RDBECOLITFC00052,1,14.5
ydcI,b1422,P77171,YdcI,RDBECOLITFC00241,1,14.5
sutR,b1434,P77626,SutR,RDBECOLITFC00082,1,14.5
hicB,b1438,P67697,HicB,RDBECOLITFC00059,1,14.5
mcbR,b1450,P76114,McbR,RDBECOLITFC00202,1,14.5
ydeO,b1499,P76135,YdeO,RDBECOLITFC00157,1,14.5
hipA,b1507,P23874,HipAB,RDBECOLITFC00068,1,14.5
hipB,b1508,P23873,HipAB|HipB,RDBECOLITFC00068|RDBECOLITFC00071,2,14.5
lsrR,b1512,P76141,LsrR,RDBECOLITFC00186,1,14.5
ptrR,b1526,P77309,PtrR,RDBECOLITFC00146,1,14.5
marR,b1530,P27245,MarR,RDBECOLITFC00211,1,14.5
marA,b1531,P0ACH5,MarA,RDBECOLITFC00060,1,14.5
rspR,b1540,P0ACM2,YdfH,RDBECOLITFC00155,1,14.5
relE,b1563,P0C077,RelBE,RDBECOLITFC00161,1,14.5
relB,b1564,P0C079,RelB|RelBE,RDBECOLITFC00151|RDBECOLITFC00161,2,14.5
dicA,b1570,P06966,DicA,RDBECOLITFC00172,1,14.5
mlc,b1594,P50456,Mlc,RDBECOLITFC00023,1,14.5
rstA,b1608,P52108,RstA,RDBECOLITFC00212,1,14.5
uidR,b1618,P0ACT6,UidR,RDBECOLITFC00228,1,14.5
malI,b1620,P18811,MalI,RDBECOLITFC00109,1,14.5
slyA,b1642,P0A8W2,SlyA,RDBECOLITFC00183,1,14.5
nemR,b1649,P67430,NemR,RDBECOLITFC00002,1,14.5
purR,b1658,P0ACP7,PurR,RDBECOLITFC00150,1,14.5
punR,b1659,P0ACR2,PunR,RDBECOLITFC00214,1,14.5
ydiP,b1696,P77402,YdiP,RDBECOLITFC00156,1,14.5
ihfA,b1712,P0A6X7,IHF,RDBECOLITFC00140,1,14.5
chbR,b1735,P17410,ChbR,RDBECOLITFC00065,1,14.5
nimR,b1790,P76241,NimR,RDBECOLITFC00224,1,14.5
kdgR,b1827,P76268,KdgR,RDBECOLITFC00141,1,14.5
yebK,b1853,P46118,YebK,RDBECOLITFC00219,1,14.5
flhC,b1891,P0ABY7,FlhDC,RDBECOLITFC00218,1,14.5
flhD,b1892,P0A8S9,FlhDC,RDBECOLITFC00218,1,14.5
uvrY,b1914,P0AED5,UvrY,RDBECOLITFC00035,1,14.5
sdiA,b1916,P07026,SdiA,RDBECOLITFC00194,1,14.5
fliZ,b1921,P52627,FliZ,RDBECOLITFC00178,1,14.5
rcsA,b1951,P0DMC9,RcsAB,RDBECOLITFC00173,1,14.5
hprR,b1969,P76340,HprR,RDBECOLITFC00118,1,14.5
cbl,b1987,Q47083,Cbl,RDBECOLITFC00149,1,14.5
nac,b1988,Q47005,Nac,RDBECOLITFC00104,1,14.5
yefM,b2017,P69346,YefM|YefMB,RDBECOLITFC00056|RDBECOLITFC00168,2,14.5
baeR,b2079,P69228,BaeR,RDBECOLITFC00111,1,14.5
yegW,b2101,P0ACM5,YegW,RDBECOLITFC00239,1,14.5
rcnR,b2105,P64530,RcnR,RDBECOLITFC00011,1,14.5
btsR,b2125,P0AFT5,BtsR,RDBECOLITFC00177,1,14.5
mlrA,b2127,P33358,MlrA,RDBECOLITFC00013,1,14.5
galS,b2151,P25748,GalS,RDBECOLITFC00114,1,14.5
yeiE,b2157,P0ACR4,YeiE,RDBECOLITFC00139,1,14.5
yeiL,b2163,P0A9E9,YeiL,RDBECOLITFC00025,1,14.5
narP,b2193,P31802,NarP,RDBECOLITFC00044,1,14.5
ada,b2213,P06134,Ada,RDBECOLITFC00201,1,14.5
rcsB,b2217,P0DMC7,RcsB-BglJ|GadRcs|RcsAB|RcsB,RDBECOLITFC00153|RDBECOLITFC00164|RDBECOLITFC00173|RDBECOLITFC00222,4,14.5
atoC,b2220,Q06065,AtoC,RDBECOLITFC00174,1,14.5
lrhA,b2289,P36771,LrhA,RDBECOLITFC00230,1,14.5
dsdC,b2364,P46068,DsdC,RDBECOLITFC00243,1,14.5
evgA,b2369,P0ACZ4,EvgA,RDBECOLITFC00029,1,14.5
pyrR,b2381,P0AE39,PyrR,RDBECOLITFC00216,1,14.5
yfeC,b2398,P0AD37,YfeC,RDBECOLITFC00097,1,14.5
xapR,b2405,P23841,XapR,RDBECOLITFC00119,1,14.5
murR,b2427,P77245,MurR,RDBECOLITFC00069,1,14.5
hyfR,b2491,P71229,HyfR,RDBECOLITFC00080,1,14.5
iscR,b2531,P0AGK8,IscR,RDBECOLITFC00105,1,14.5
hcaR,b2537,Q47141,HcaR,RDBECOLITFC00037,1,14.5
glrR,b2554,P0AFU4,GlrR,RDBECOLITFC00083,1,14.5
alpA,b2624,P33997,AlpA,RDBECOLITFC00135,1,14.5
glaR,b2664,P37338,GlaR,RDBECOLITFC00079,1,14.5
ygaV,b2667,P77295,YgaV,RDBECOLITFC00113,1,14.5
stpA,b2669,P0ACG1,StpA,RDBECOLITFC00061,1,14.5
mprA,b2684,P0ACR9,MprA,RDBECOLITFC00026,1,14.5
alaS,b2697,P00957,AlaS,RDBECOLITFC00016,1,14.5
gutM,b2706,P15081,GutM,RDBECOLITFC00200,1,14.5
srlR,b2707,P15082,SrlR,RDBECOLITFC00089,1,14.5
norR,b2709,P37013,NorR,RDBECOLITFC00093,1,14.5
ascG,b2714,P24242,AscG,RDBECOLITFC00102,1,14.5
fhlA,b2731,P19323,FhlA,RDBECOLITFC00066,1,14.5
ygbI,b2735,P52598,YgbI,RDBECOLITFC00106,1,14.5
mazF,b2782,P0AE70,MazEF,RDBECOLITFC00067,1,14.5
mazE,b2783,P0AE72,MazE|MazEF,RDBECOLITFC00041|RDBECOLITFC00067,2,14.5
fucR,b2805,P0ACK8,FucR,RDBECOLITFC00167,1,14.5
gcvA,b2808,P0A9F6,GcvA,RDBECOLITFC00213,1,14.5
galR,b2837,P03024,GalR,RDBECOLITFC00064,1,14.5
lysR,b2839,P03030,LysR,RDBECOLITFC00101,1,14.5
argP,b2916,P0A8S1,ArgP,RDBECOLITFC00017,1,14.5
srsR,b2921,P52044,SrsR,RDBECOLITFC00024,1,14.5
glcC,b2980,P0ACL5,GlcC,RDBECOLITFC00018,1,14.5
yqhC,b3010,Q46855,YqhC,RDBECOLITFC00055,1,14.5
mqsA,b3021,Q46864,MqsA,RDBECOLITFC00144,1,14.5
ygiV,b3023,Q46866,YgiV,RDBECOLITFC00073,1,14.5
qseB,b3025,P52076,QseB,RDBECOLITFC00085,1,14.5
ttdR,b3060,P45463,Dan,RDBECOLITFC00143,1,14.5
nfeR,b3071,P64588,NfeR,RDBECOLITFC00039,1,14.5
ebgR,b3075,P06846,EbgR,RDBECOLITFC00145,1,14.5
higA,b3082,P67701,HigA|HigBA,RDBECOLITFC00158|RDBECOLITFC00217,2,14.5
higB,b3083,P64578,HigBA,RDBECOLITFC00217,1,14.5
exuR,b3094,P0ACL2,ExuR,RDBECOLITFC00115,1,14.5
yhaJ,b3105,P67660,YhaJ,RDBECOLITFC00120,1,14.5
tdcA,b3118,P0ACQ7,TdcA,RDBECOLITFC00028,1,14.5
tdcR,b3119,P11866,TdcR,RDBECOLITFC00179,1,14.5
agaR,b3131,P0ACK2,AgaR,RDBECOLITFC00197,1,14.5
rpoN,b3202,P24255,RpoN,RDBECOLITFC00176,1,14.5
nanR,b3226,P0A8W0,NanR,RDBECOLITFC00238,1,14.5
argR,b3237,P0A6D0,ArgR,RDBECOLITFC00009,1,14.5
aaeR,b3243,P67662,AaeR,RDBECOLITFC00203,1,14.5
accB,b3255,P0ABD8,AccB,RDBECOLITFC00147,1,14.5
fis,b3261,P0A6R3,Fis,RDBECOLITFC00190,1,14.5
envR,b3264,P0ACT2,EnvR,RDBECOLITFC00117,1,14.5
zntR,b3292,P0ACS5,ZntR,RDBECOLITFC00125,1,14.5
crp,b3357,P0ACJ8,CRP|CRP-Sxy,RDBECOLITFC00086|RDBECOLITFC00096,2,14.5
frlR,b3375,P45544,FrlR,RDBECOLITFC00112,1,14.5
ompR,b3405,P0AA16,OmpR,RDBECOLITFC00078,1,14.5
malT,b3418,P06993,MalT,RDBECOLITFC00232,1,14.5
rtcR,b3422,P38035,RtcR,RDBECOLITFC00226,1,14.5
glpR,b3423,P0ACL0,GlpR,RDBECOLITFC00090,1,14.5
gntR,b3438,P0ACP5,GntR,RDBECOLITFC00235,1,14.5
nikR,b3481,P0A6Z6,NikR,RDBECOLITFC00142,1,14.5
arsR,b3501,P37309,ArsR,RDBECOLITFC00205,1,14.5
gadE,b3512,P63204,GadE|GadRcs,RDBECOLITFC00128|RDBECOLITFC00164,2,14.5
gadW,b3515,P63201,GadW,RDBECOLITFC00032,1,14.5
gadX,b3516,P37639,GadX,RDBECOLITFC00094,1,14.5
cspA,b3556,P0A9X9,CspA,RDBECOLITFC00040,1,14.5
xylR,b3569,P0ACI3,XylR,RDBECOLITFC00127,1,14.5
plaR,b3574,P37671,PlaR,RDBECOLITFC00137,1,14.5
yiaU,b3585,P37682,YiaU,RDBECOLITFC00020,1,14.5
lldR,b3604,P0ACL7,LldR,RDBECOLITFC00099,1,14.5
uhpA,b3669,P0AGA6,UhpA,RDBECOLITFC00159,1,14.5
dnaA,b3702,P03004,DnaA,RDBECOLITFC00152,1,14.5
yidZ,b3711,P31463,YidZ,RDBECOLITFC00204,1,14.5
asnC,b3743,P0ACI6,AsnC,RDBECOLITFC00100,1,14.5
rbsR,b3753,P0ACQ0,RbsR,RDBECOLITFC00088,1,14.5
yieP,b3755,P31475,YieP,RDBECOLITFC00057,1,14.5
ilvY,b3773,P05827,IlvY,RDBECOLITFC00010,1,14.5
metR,b3828,P0A9F9,MetR,RDBECOLITFC00163,1,14.5
glnG,b3868,P0AFB8,NtrC,RDBECOLITFC00022,1,14.5
csqR,b3884,P32144,CsqR,RDBECOLITFC00237,1,14.5
rhaS,b3905,P09377,RhaS,RDBECOLITFC00034,1,14.5
rhaR,b3906,P09378,RhaR,RDBECOLITFC00122,1,14.5
cpxR,b3912,P0AE88,CpxR,RDBECOLITFC00043,1,14.5
cytR,b3934,P0ACN7,CytR,RDBECOLITFC00012,1,14.5
metJ,b3938,P0A8U6,MetJ,RDBECOLITFC00045,1,14.5
oxyR,b3961,P0ACQ4,OxyR,RDBECOLITFC00188,1,14.5
fabR,b3963,P0ACU5,FabR,RDBECOLITFC00007,1,14.5
birA,b3973,P06709,BirA,RDBECOLITFC00091,1,14.5
hupA,b4000,P0ACF0,HU,RDBECOLITFC00121,1,14.5
zraR,b4004,P14375,ZraR,RDBECOLITFC00047,1,14.5
iclR,b4018,P16528,IclR,RDBECOLITFC00075,1,14.5
lexA,b4043,P0A7C2,LexA,RDBECOLITFC00054,1,14.5
zur,b4046,P0AC51,Zur,RDBECOLITFC00198,1,14.5
soxS,b4062,P0A9E2,SoxS,RDBECOLITFC00095,1,14.5
soxR,b4063,P0ACS2,SoxR,RDBECOLITFC00132,1,14.5
alsR,b4089,P0ACS7,AlsR,RDBECOLITFC00051,1,14.5
basR,b4113,P30843,BasR,RDBECOLITFC00138,1,14.5
adiY,b4116,P33234,AdiY,RDBECOLITFC00048,1,14.5
melR,b4118,P0ACH8,MelR,RDBECOLITFC00195,1,14.5
dcuR,b4124,P0AD01,DcuR,RDBECOLITFC00124,1,14.5
cadC,b4133,P23890,CadC,RDBECOLITFC00063,1,14.5
dicD,b4135,P0ACU7,DicD,RDBECOLITFC00098,1,14.5
nsrR,b4178,P0AF63,NsrR,RDBECOLITFC00005,1,14.5
aidB,b4187,P33224,AidB,RDBECOLITFC00227,1,14.5
ulaR,b4191,P0A9W0,UlaR,RDBECOLITFC00193,1,14.5
treR,b4241,P36673,TreR,RDBECOLITFC00231,1,14.5
pepA,b4260,P68767,PepA,RDBECOLITFC00131,1,14.5
idnR,b4264,P39343,IdnR,RDBECOLITFC00033,1,14.5
uxuR,b4324,P39161,UxuR,RDBECOLITFC00208,1,14.5
hypT,b4327,P39376,HypT,RDBECOLITFC00207,1,14.5
yjjQ,b4365,P0ADD7,YjjQ,RDBECOLITFC00199,1,14.5
bglJ,b4366,P39404,RcsB-BglJ,RDBECOLITFC00153,1,14.5
nadR,b4390,P27278,NadR,RDBECOLITFC00206,1,14.5
trpR,b4393,P0A881,TrpR,RDBECOLITFC00116,1,14.5
rob,b4396,P0ACI0,Rob,RDBECOLITFC00126,1,14.5
creB,b4398,P08368,CreB,RDBECOLITFC00210,1,14.5
arcA,b4401,P0A9Q1,ArcA,RDBECOLITFC00133,1,14.5
dgoR,b4479,P31460,DgoR,RDBECOLITFC00123,1,14.5
hdfR,b4480,P0A8R9,HdfR,RDBECOLITFC00077,1,14.5
gatR,b4498,P36930,GatR,RDBECOLITFC00196,1,14.5
yoeB,b4539,P69348,YefMB,RDBECOLITFC00168,1,14.5
